participant,video_id,second,band,frontal_asymmetry,parietal_mean,negativity_rating,positivity_rating,net_predisposition_rating,negativity_type,positivity_type,net_predisposition_type
3I6EY,jmi,0,gamma,4.191493141923392,16.593535139929095,1.2343750000000002,9.953125,1.88125,LN,HP,LNP
3I6EY,jmi,1,gamma,3.517607397863319,17.808810074274767,1.2343750000000002,9.953125,1.88125,LN,HP,LNP
3I6EY,jmi,2,gamma,3.2995815991702635,20.446110986906447,1.2343750000000002,9.953125,1.88125,LN,HP,LNP
3I6EY,jmi,3,gamma,2.878673991339106,24.18556658007065,1.2343750000000002,9.953125,1.88125,LN,HP,LNP
3I6EY,jmi,4,gamma,2.4158051229457023,26.227251268986265,1.2343750000000002,9.953125,1.88125,LN,HP,LNP
3I6EY,jmi,5,gamma,2.3504850828667365,25.35950357890171,1.2343750000000002,9.953125,1.88125,LN,HP,LNP
3I6EY,jmi,6,gamma,2.353628963192424,23.84251698248887,1.2343750000000002,9.953125,1.88125,LN,HP,LNP
3I6EY,jmi,7,gamma,2.2124402470565094,23.51105178738149,1.2343750000000002,9.953125,1.88125,LN,HP,LNP
3I6EY,jmi,8,gamma,1.970180528499398,24.701259955722186,1.2343750000000002,9.953125,1.88125,LN,HP,LNP
3I6EY,jmi,9,gamma,1.8036281515535748,26.176542443773723,1.2343750000000002,9.953125,1.88125,LN,HP,LNP
3I6EY,jmi,10,gamma,1.979068613907831,25.972942103551542,1.2343750000000002,9.953125,1.88125,LN,HP,LNP
3I6EY,jmi,11,gamma,2.2733641910805247,24.39820688859323,1.2343750000000002,9.953125,1.88125,LN,HP,LNP
3I6EY,jmi,12,gamma,2.3203796468627793,23.45565951172448,1.2343750000000002,9.953125,1.88125,LN,HP,LNP
3I6EY,jmi,13,gamma,2.147543578941008,24.146205626008808,1.2343750000000002,9.953125,1.88125,LN,HP,LNP
3I6EY,jmi,14,gamma,1.8713003384438451,26.256517089265525,1.2343750000000002,9.953125,1.88125,LN,HP,LNP
3I6EY,jmi,15,gamma,1.6473849338581346,28.617545527967806,1.2343750000000002,9.953125,1.88125,LN,HP,LNP
3I6EY,jmi,16,gamma,1.723095164482526,29.516653559070615,1.2343750000000002,9.953125,1.88125,LN,HP,LNP
3I6EY,jmi,17,gamma,2.081076361150661,28.524754877483925,1.2343750000000002,9.953125,1.88125,LN,HP,LNP
3I6EY,jmi,18,gamma,2.4868831924897705,26.898129734757028,1.2343750000000002,9.953125,1.88125,LN,HP,LNP
3I6EY,jmi,19,gamma,3.048113254490641,25.39399802761133,1.2343750000000002,9.953125,1.88125,LN,HP,LNP
3I6EY,jmi,20,gamma,4.27724905609902,23.743852938930672,1.2343750000000002,9.953125,1.88125,LN,HP,LNP
3I6EY,jmi,21,gamma,7.2018657612504455,20.919458027399727,1.2343750000000002,9.953125,1.88125,LN,HP,LNP
3I6EY,jmi,22,gamma,12.93380208970218,16.09149367001052,1.2343750000000002,9.953125,1.88125,LN,HP,LNP
3I6EY,jmi,23,gamma,18.45039772931969,12.232289931014488,1.2343750000000002,9.953125,1.88125,LN,HP,LNP
3I6EY,jmi,24,gamma,20.67788415842117,10.916244294812271,1.2343750000000002,9.953125,1.88125,LN,HP,LNP
3I6EY,jmi,25,gamma,22.36646603586469,9.175662673018087,1.2343750000000002,9.953125,1.88125,LN,HP,LNP
3I6EY,jmi,26,gamma,23.589877898467176,7.550021844997387,1.2343750000000002,9.953125,1.88125,LN,HP,LNP
3I6EY,jmi,27,gamma,23.800115698475437,7.072929858384941,1.2343750000000002,9.953125,1.88125,LN,HP,LNP
3I6EY,jmi,28,gamma,23.55622993110795,7.372215307459955,1.2343750000000002,9.953125,1.88125,LN,HP,LNP
3I6EY,jmi,29,gamma,22.184836571062256,8.479196057750404,1.2343750000000002,9.953125,1.88125,LN,HP,LNP
3I6EY,jmi,30,gamma,17.388905527228275,11.844734626326971,1.2343750000000002,9.953125,1.88125,LN,HP,LNP
3I6EY,jmi,31,gamma,10.49757269410479,17.51364913772894,1.2343750000000002,9.953125,1.88125,LN,HP,LNP
3I6EY,jmi,32,gamma,5.2508154736951305,23.084290725817954,1.2343750000000002,9.953125,1.88125,LN,HP,LNP
3I6EY,jmi,33,gamma,2.896663513509992,26.02832109117569,1.2343750000000002,9.953125,1.88125,LN,HP,LNP
3I6EY,jmi,34,gamma,1.983187762774751,27.109973433615174,1.2343750000000002,9.953125,1.88125,LN,HP,LNP
3I6EY,jmi,35,gamma,1.5146890254658771,27.495054563658698,1.2343750000000002,9.953125,1.88125,LN,HP,LNP
3I6EY,jmi,36,gamma,1.1740944560328543,27.58450756969947,1.2343750000000002,9.953125,1.88125,LN,HP,LNP
3I6EY,jmi,37,gamma,0.9207147689531325,27.315717772835058,1.2343750000000002,9.953125,1.88125,LN,HP,LNP
3I6EY,jmi,38,gamma,0.8663857362271834,26.685552027645546,1.2343750000000002,9.953125,1.88125,LN,HP,LNP
3I6EY,jmi,39,gamma,1.0318342734571253,26.146219964173362,1.2343750000000002,9.953125,1.88125,LN,HP,LNP
3I6EY,jmi,40,gamma,1.1744599681642498,26.112654150359166,1.2343750000000002,9.953125,1.88125,LN,HP,LNP
3I6EY,jmi,41,gamma,1.1611210787170378,26.392693146533396,1.2343750000000002,9.953125,1.88125,LN,HP,LNP
3I6EY,jmi,42,gamma,1.0536119583061456,26.642682663516062,1.2343750000000002,9.953125,1.88125,LN,HP,LNP
3I6EY,jmi,43,gamma,0.9764347877565314,26.59844064733113,1.2343750000000002,9.953125,1.88125,LN,HP,LNP
3I6EY,jmi,44,gamma,1.0337831700052114,26.25909742188799,1.2343750000000002,9.953125,1.88125,LN,HP,LNP
3I6EY,jmi,45,gamma,1.1583879342237928,26.071377472291253,1.2343750000000002,9.953125,1.88125,LN,HP,LNP
3I6EY,jmi,46,gamma,1.1890529566339936,26.335614960422603,1.2343750000000002,9.953125,1.88125,LN,HP,LNP
3I6EY,jmi,47,gamma,1.0897353755826487,26.866991073607643,1.2343750000000002,9.953125,1.88125,LN,HP,LNP
3I6EY,jmi,48,gamma,0.9387595117583487,27.275090720296898,1.2343750000000002,9.953125,1.88125,LN,HP,LNP
3I6EY,jmi,49,gamma,0.8755567373080879,27.154345565827732,1.2343750000000002,9.953125,1.88125,LN,HP,LNP
3I6EY,jmi,50,gamma,1.0509076899377838,26.316541485540473,1.2343750000000002,9.953125,1.88125,LN,HP,LNP
3I6EY,jmi,51,gamma,1.5547209344298736,25.0099873516564,1.2343750000000002,9.953125,1.88125,LN,HP,LNP
3I6EY,jmi,52,gamma,2.1304098707485615,24.432716104012876,1.2343750000000002,9.953125,1.88125,LN,HP,LNP
3I6EY,jmi,53,gamma,2.170914864259334,25.839845784168382,1.2343750000000002,9.953125,1.88125,LN,HP,LNP
3I6EY,jmi,54,gamma,1.7927497106592227,27.74613037543274,1.2343750000000002,9.953125,1.88125,LN,HP,LNP
3I6EY,jmi,55,gamma,1.497226554773853,28.9330175290437,1.2343750000000002,9.953125,1.88125,LN,HP,LNP
3I6EY,jmi,56,gamma,1.4952649876115522,29.446276852828102,1.2343750000000002,9.953125,1.88125,LN,HP,LNP
3I6EY,jmi,57,gamma,1.8472680198233924,29.233358217479505,1.2343750000000002,9.953125,1.88125,LN,HP,LNP
3I6EY,jmi,58,gamma,2.050940427102141,28.671662662397402,1.2343750000000002,9.953125,1.88125,LN,HP,LNP
3I6EY,jmi,59,gamma,0.5013375708503514,8.18776738590805,1.2343750000000002,9.953125,1.88125,LN,HP,LNP
3I6EY,tsl,0,gamma,-0.4573064910989615,33.22625978562203,1.271875,9.109375,3.025,LN,HP,LNP
3I6EY,tsl,1,gamma,-0.5033761843266689,33.803422605706395,1.271875,9.109375,3.025,LN,HP,LNP
3I6EY,tsl,2,gamma,-0.48229068284388177,34.057609925575846,1.271875,9.109375,3.025,LN,HP,LNP
3I6EY,tsl,3,gamma,-0.44690886277169284,34.00512185617737,1.271875,9.109375,3.025,LN,HP,LNP
3I6EY,tsl,4,gamma,-0.43351380378342697,33.46112409618566,1.271875,9.109375,3.025,LN,HP,LNP
3I6EY,tsl,5,gamma,-0.44894677675578265,32.689822875370915,1.271875,9.109375,3.025,LN,HP,LNP
3I6EY,tsl,6,gamma,-0.457478376997571,32.345157588224225,1.271875,9.109375,3.025,LN,HP,LNP
3I6EY,tsl,7,gamma,-0.43429571129759026,32.6346278741601,1.271875,9.109375,3.025,LN,HP,LNP
3I6EY,tsl,8,gamma,-0.38944659358723754,33.13074353259732,1.271875,9.109375,3.025,LN,HP,LNP
3I6EY,tsl,9,gamma,-0.3210852126181223,33.23848620812839,1.271875,9.109375,3.025,LN,HP,LNP
3I6EY,tsl,10,gamma,-0.23058255555186946,32.35766973072219,1.271875,9.109375,3.025,LN,HP,LNP
3I6EY,tsl,11,gamma,-0.12147849465833715,30.271190960065297,1.271875,9.109375,3.025,LN,HP,LNP
3I6EY,tsl,12,gamma,0.011856410720465504,27.366560242009733,1.271875,9.109375,3.025,LN,HP,LNP
3I6EY,tsl,13,gamma,0.141136727013226,24.31241107841803,1.271875,9.109375,3.025,LN,HP,LNP
3I6EY,tsl,14,gamma,0.21746256292862753,21.58123948451511,1.271875,9.109375,3.025,LN,HP,LNP
3I6EY,tsl,15,gamma,0.21046690228790155,19.389906337571517,1.271875,9.109375,3.025,LN,HP,LNP
3I6EY,tsl,16,gamma,0.06910890209900344,19.141492436636547,1.271875,9.109375,3.025,LN,HP,LNP
3I6EY,tsl,17,gamma,-0.10065748887899417,21.5875737165485,1.271875,9.109375,3.025,LN,HP,LNP
3I6EY,tsl,18,gamma,-0.19380109830422398,24.942640191114528,1.271875,9.109375,3.025,LN,HP,LNP
3I6EY,tsl,19,gamma,-0.2571553204938972,27.088074202549585,1.271875,9.109375,3.025,LN,HP,LNP
3I6EY,tsl,20,gamma,-0.31702659753266715,26.722072936903146,1.271875,9.109375,3.025,LN,HP,LNP
3I6EY,tsl,21,gamma,-0.37866565482285,23.88943303769927,1.271875,9.109375,3.025,LN,HP,LNP
3I6EY,tsl,22,gamma,-0.5653297657748837,21.292575177824297,1.271875,9.109375,3.025,LN,HP,LNP
3I6EY,tsl,23,gamma,-0.9753556050491134,21.59627402052441,1.271875,9.109375,3.025,LN,HP,LNP
3I6EY,tsl,24,gamma,-1.3008189728632864,22.757836366538143,1.271875,9.109375,3.025,LN,HP,LNP
3I6EY,tsl,25,gamma,-1.2955956395561365,21.771780088223093,1.271875,9.109375,3.025,LN,HP,LNP
3I6EY,tsl,26,gamma,-1.1410334156295683,19.499315965855022,1.271875,9.109375,3.025,LN,HP,LNP
3I6EY,tsl,27,gamma,-1.1346171361971855,19.169809494944325,1.271875,9.109375,3.025,LN,HP,LNP
3I6EY,tsl,28,gamma,-1.3357707494070148,21.334301799254135,1.271875,9.109375,3.025,LN,HP,LNP
3I6EY,tsl,29,gamma,-1.5579535315954907,23.580127728371167,1.271875,9.109375,3.025,LN,HP,LNP
3I6EY,tsl,30,gamma,-1.627304802390686,23.811211817879414,1.271875,9.109375,3.025,LN,HP,LNP
3I6EY,tsl,31,gamma,-1.5133781919183207,21.60287069969696,1.271875,9.109375,3.025,LN,HP,LNP
3I6EY,tsl,32,gamma,-1.284044675728783,18.537591840363454,1.271875,9.109375,3.025,LN,HP,LNP
3I6EY,tsl,33,gamma,-1.1128981517888565,17.425444074139953,1.271875,9.109375,3.025,LN,HP,LNP
3I6EY,tsl,34,gamma,-1.1030679566140442,18.53048859452454,1.271875,9.109375,3.025,LN,HP,LNP
3I6EY,tsl,35,gamma,-1.0911549065222168,19.219548274556562,1.271875,9.109375,3.025,LN,HP,LNP
3I6EY,tsl,36,gamma,-0.9590997810514246,17.98638832095616,1.271875,9.109375,3.025,LN,HP,LNP
3I6EY,tsl,37,gamma,-0.778534710624502,15.88400011085216,1.271875,9.109375,3.025,LN,HP,LNP
3I6EY,tsl,38,gamma,-0.6544704112026931,15.069957658398707,1.271875,9.109375,3.025,LN,HP,LNP
3I6EY,tsl,39,gamma,-0.6303017990152036,16.148922698598717,1.271875,9.109375,3.025,LN,HP,LNP
3I6EY,tsl,40,gamma,-0.6315693008782404,17.455885220423426,1.271875,9.109375,3.025,LN,HP,LNP
3I6EY,tsl,41,gamma,-0.5588090927360305,17.465442435960597,1.271875,9.109375,3.025,LN,HP,LNP
3I6EY,tsl,42,gamma,-0.40116117189284495,15.780757972730306,1.271875,9.109375,3.025,LN,HP,LNP
3I6EY,tsl,43,gamma,-0.2453728194881677,13.022820819261362,1.271875,9.109375,3.025,LN,HP,LNP
3I6EY,tsl,44,gamma,-0.20087829670212187,11.024218515984554,1.271875,9.109375,3.025,LN,HP,LNP
3I6EY,tsl,45,gamma,-0.2468644998173346,11.199952425415093,1.271875,9.109375,3.025,LN,HP,LNP
3I6EY,tsl,46,gamma,-0.22457089720326806,12.504061670759542,1.271875,9.109375,3.025,LN,HP,LNP
3I6EY,tsl,47,gamma,-0.07062129731298761,13.24152212296086,1.271875,9.109375,3.025,LN,HP,LNP
3I6EY,tsl,48,gamma,0.10052169381982168,12.87364638539987,1.271875,9.109375,3.025,LN,HP,LNP
3I6EY,tsl,49,gamma,0.17302775096040257,12.023200657244901,1.271875,9.109375,3.025,LN,HP,LNP
3I6EY,tsl,50,gamma,0.13026992330807197,11.748417238125032,1.271875,9.109375,3.025,LN,HP,LNP
3I6EY,tsl,51,gamma,-0.000347724475281197,12.66576543660301,1.271875,9.109375,3.025,LN,HP,LNP
3I6EY,tsl,52,gamma,-0.09626355128678377,14.208004108405927,1.271875,9.109375,3.025,LN,HP,LNP
3I6EY,tsl,53,gamma,0.003346700957793658,15.22957796341401,1.271875,9.109375,3.025,LN,HP,LNP
3I6EY,tsl,54,gamma,0.31079221267486545,15.725444201211284,1.271875,9.109375,3.025,LN,HP,LNP
3I6EY,tsl,55,gamma,0.6918203346367235,16.126681459503626,1.271875,9.109375,3.025,LN,HP,LNP
3I6EY,tsl,56,gamma,0.8266715223900505,16.09343422958033,1.271875,9.109375,3.025,LN,HP,LNP
3I6EY,tsl,57,gamma,0.6737049146635954,15.591186716147261,1.271875,9.109375,3.025,LN,HP,LNP
3I6EY,tsl,58,gamma,0.4779851268374813,15.020382107235429,1.271875,9.109375,3.025,LN,HP,LNP
3I6EY,tsl,59,gamma,0.11270994483131691,4.183061131514903,1.271875,9.109375,3.025,LN,HP,LNP
3I6EY,dph,0,gamma,0.2915690463282914,26.875498392862667,3.821875,3.521875,8.546875,LN,LP,HNP
3I6EY,dph,1,gamma,0.5350543404897081,26.748607301895888,3.821875,3.521875,8.546875,LN,LP,HNP
3I6EY,dph,2,gamma,0.7056408160828482,26.51202059505645,3.821875,3.521875,8.546875,LN,LP,HNP
3I6EY,dph,3,gamma,0.783074199568695,25.712165591109333,3.821875,3.521875,8.546875,LN,LP,HNP
3I6EY,dph,4,gamma,0.787234876387771,24.754969930567242,3.821875,3.521875,8.546875,LN,LP,HNP
3I6EY,dph,5,gamma,0.7761706553175216,24.143274570793594,3.821875,3.521875,8.546875,LN,LP,HNP
3I6EY,dph,6,gamma,0.784589807891372,23.89001445046281,3.821875,3.521875,8.546875,LN,LP,HNP
3I6EY,dph,7,gamma,0.7959079066757297,23.45064520436489,3.821875,3.521875,8.546875,LN,LP,HNP
3I6EY,dph,8,gamma,0.738077897951559,22.34192373435919,3.821875,3.521875,8.546875,LN,LP,HNP
3I6EY,dph,9,gamma,0.6118969295524828,21.204268540228473,3.821875,3.521875,8.546875,LN,LP,HNP
3I6EY,dph,10,gamma,0.5339907524994274,20.713690818338563,3.821875,3.521875,8.546875,LN,LP,HNP
3I6EY,dph,11,gamma,0.5391429384558215,21.0088505509475,3.821875,3.521875,8.546875,LN,LP,HNP
3I6EY,dph,12,gamma,0.5469670552200547,21.924485653454582,3.821875,3.521875,8.546875,LN,LP,HNP
3I6EY,dph,13,gamma,0.4619182831918849,22.647576190235572,3.821875,3.521875,8.546875,LN,LP,HNP
3I6EY,dph,14,gamma,0.28660630451774693,22.72397529919811,3.821875,3.521875,8.546875,LN,LP,HNP
3I6EY,dph,15,gamma,-0.001952194251433781,22.707696806426245,3.821875,3.521875,8.546875,LN,LP,HNP
3I6EY,dph,16,gamma,-0.40469972432256895,23.630604172258625,3.821875,3.521875,8.546875,LN,LP,HNP
3I6EY,dph,17,gamma,-0.770620703729783,26.114299295673092,3.821875,3.521875,8.546875,LN,LP,HNP
3I6EY,dph,18,gamma,-0.8420446935914825,28.700345784395072,3.821875,3.521875,8.546875,LN,LP,HNP
3I6EY,dph,19,gamma,-0.6552247971484562,30.392896984095092,3.821875,3.521875,8.546875,LN,LP,HNP
3I6EY,dph,20,gamma,-0.5203592070826737,31.891313719193146,3.821875,3.521875,8.546875,LN,LP,HNP
3I6EY,dph,21,gamma,-0.5321160918877368,33.1948881489159,3.821875,3.521875,8.546875,LN,LP,HNP
3I6EY,dph,22,gamma,-0.5917252836742861,33.41274133016551,3.821875,3.521875,8.546875,LN,LP,HNP
3I6EY,dph,23,gamma,-0.5819611084145677,32.475241836310886,3.821875,3.521875,8.546875,LN,LP,HNP
3I6EY,dph,24,gamma,-0.49021033374295087,31.61907923263646,3.821875,3.521875,8.546875,LN,LP,HNP
3I6EY,dph,25,gamma,-0.40519338622504364,31.799480106977988,3.821875,3.521875,8.546875,LN,LP,HNP
3I6EY,dph,26,gamma,-0.4107362279419817,32.88306695690734,3.821875,3.521875,8.546875,LN,LP,HNP
3I6EY,dph,27,gamma,-0.5013285502681342,33.834170072990666,3.821875,3.521875,8.546875,LN,LP,HNP
3I6EY,dph,28,gamma,-0.5636742829542882,33.682178061763224,3.821875,3.521875,8.546875,LN,LP,HNP
3I6EY,dph,29,gamma,-0.528790305433823,32.86649740003024,3.821875,3.521875,8.546875,LN,LP,HNP
3I6EY,dph,30,gamma,-0.44940288535278583,32.48563536322992,3.821875,3.521875,8.546875,LN,LP,HNP
3I6EY,dph,31,gamma,-0.3636536672763597,32.878008344642154,3.821875,3.521875,8.546875,LN,LP,HNP
3I6EY,dph,32,gamma,-0.29260516377420487,33.60704644151349,3.821875,3.521875,8.546875,LN,LP,HNP
3I6EY,dph,33,gamma,-0.28491396586125006,33.96273377772961,3.821875,3.521875,8.546875,LN,LP,HNP
3I6EY,dph,34,gamma,-0.38913273673407645,33.64858275907919,3.821875,3.521875,8.546875,LN,LP,HNP
3I6EY,dph,35,gamma,-0.6223487198805486,32.8958889449248,3.821875,3.521875,8.546875,LN,LP,HNP
3I6EY,dph,36,gamma,-0.8731903011448097,32.125669762474196,3.821875,3.521875,8.546875,LN,LP,HNP
3I6EY,dph,37,gamma,-0.867572534975956,31.63593362003529,3.821875,3.521875,8.546875,LN,LP,HNP
3I6EY,dph,38,gamma,-0.6128901940311096,31.349283040131304,3.821875,3.521875,8.546875,LN,LP,HNP
3I6EY,dph,39,gamma,-0.4827518042112189,31.10141537616201,3.821875,3.521875,8.546875,LN,LP,HNP
3I6EY,dph,40,gamma,-0.5649372091695213,30.854280583310267,3.821875,3.521875,8.546875,LN,LP,HNP
3I6EY,dph,41,gamma,-0.6373213721250082,30.221414018620198,3.821875,3.521875,8.546875,LN,LP,HNP
3I6EY,dph,42,gamma,-0.44515534714745186,28.86879420283438,3.821875,3.521875,8.546875,LN,LP,HNP
3I6EY,dph,43,gamma,-0.07023962257432359,27.286033200461404,3.821875,3.521875,8.546875,LN,LP,HNP
3I6EY,dph,44,gamma,0.16734169317624747,26.29837580401601,3.821875,3.521875,8.546875,LN,LP,HNP
3I6EY,dph,45,gamma,0.17420494482187365,26.18706020217678,3.821875,3.521875,8.546875,LN,LP,HNP
3I6EY,dph,46,gamma,0.09130012111479857,26.638687525117568,3.821875,3.521875,8.546875,LN,LP,HNP
3I6EY,dph,47,gamma,0.07448119135367293,26.988457261921006,3.821875,3.521875,8.546875,LN,LP,HNP
3I6EY,dph,48,gamma,0.14152748962224493,26.86671696643244,3.821875,3.521875,8.546875,LN,LP,HNP
3I6EY,dph,49,gamma,0.22330505971524417,26.38215969581252,3.821875,3.521875,8.546875,LN,LP,HNP
3I6EY,dph,50,gamma,0.3327630535645092,25.74221780286073,3.821875,3.521875,8.546875,LN,LP,HNP
3I6EY,dph,51,gamma,0.5413297970536881,24.96560435037612,3.821875,3.521875,8.546875,LN,LP,HNP
3I6EY,dph,52,gamma,0.7952795278978257,24.086076228462645,3.821875,3.521875,8.546875,LN,LP,HNP
3I6EY,dph,53,gamma,0.9923885171291538,23.4143479283927,3.821875,3.521875,8.546875,LN,LP,HNP
3I6EY,dph,54,gamma,1.0856935053911698,23.425416321100023,3.821875,3.521875,8.546875,LN,LP,HNP
3I6EY,dph,55,gamma,1.0685732955606966,24.251299792255367,3.821875,3.521875,8.546875,LN,LP,HNP
3I6EY,dph,56,gamma,1.0134748053295333,25.209863893783897,3.821875,3.521875,8.546875,LN,LP,HNP
3I6EY,dph,57,gamma,1.0196410251020502,25.448548412126705,3.821875,3.521875,8.546875,LN,LP,HNP
3I6EY,dph,58,gamma,1.083525047852735,25.248960125918394,3.821875,3.521875,8.546875,LN,LP,HNP
3I6EY,dph,59,gamma,0.3198321066754781,7.179532395344566,3.821875,3.521875,8.546875,LN,LP,HNP
3I6EY,goc,0,gamma,0.6373899923989512,30.77703926090636,9.071875,1.6843750000000002,9.409375,HN,LP,HNP
3I6EY,goc,1,gamma,0.8473470932240943,31.001479095957073,9.071875,1.6843750000000002,9.409375,HN,LP,HNP
3I6EY,goc,2,gamma,0.5730427398774687,30.779516885380346,9.071875,1.6843750000000002,9.409375,HN,LP,HNP
3I6EY,goc,3,gamma,-0.03252797304194033,30.29461544382916,9.071875,1.6843750000000002,9.409375,HN,LP,HNP
3I6EY,goc,4,gamma,-0.21662775445795646,30.484850274187647,9.071875,1.6843750000000002,9.409375,HN,LP,HNP
3I6EY,goc,5,gamma,0.261458667227231,31.315319336830882,9.071875,1.6843750000000002,9.409375,HN,LP,HNP
3I6EY,goc,6,gamma,0.7156783165381668,31.829602256502355,9.071875,1.6843750000000002,9.409375,HN,LP,HNP
3I6EY,goc,7,gamma,0.7569875104279049,31.671223588003265,9.071875,1.6843750000000002,9.409375,HN,LP,HNP
3I6EY,goc,8,gamma,0.2794611721536988,30.68030730344033,9.071875,1.6843750000000002,9.409375,HN,LP,HNP
3I6EY,goc,9,gamma,-0.6428494248945142,28.71127939244745,9.071875,1.6843750000000002,9.409375,HN,LP,HNP
3I6EY,goc,10,gamma,-1.5040150112234834,26.0675720219833,9.071875,1.6843750000000002,9.409375,HN,LP,HNP
3I6EY,goc,11,gamma,-1.5215015669845968,23.8986098704814,9.071875,1.6843750000000002,9.409375,HN,LP,HNP
3I6EY,goc,12,gamma,-0.9182474224074824,22.439464362997196,9.071875,1.6843750000000002,9.409375,HN,LP,HNP
3I6EY,goc,13,gamma,-0.6663988622503076,21.40766726722907,9.071875,1.6843750000000002,9.409375,HN,LP,HNP
3I6EY,goc,14,gamma,-0.69990181457975,20.35866595893517,9.071875,1.6843750000000002,9.409375,HN,LP,HNP
3I6EY,goc,15,gamma,-0.275105352373874,18.924118019347738,9.071875,1.6843750000000002,9.409375,HN,LP,HNP
3I6EY,goc,16,gamma,1.0016860543028017,17.16520407682053,9.071875,1.6843750000000002,9.409375,HN,LP,HNP
3I6EY,goc,17,gamma,2.9061048866425523,16.187509996096182,9.071875,1.6843750000000002,9.409375,HN,LP,HNP
3I6EY,goc,18,gamma,5.3576646204249805,17.298607632596166,9.071875,1.6843750000000002,9.409375,HN,LP,HNP
3I6EY,goc,19,gamma,6.994594335001583,20.29512496869981,9.071875,1.6843750000000002,9.409375,HN,LP,HNP
3I6EY,goc,20,gamma,7.407075253196073,22.734116611972723,9.071875,1.6843750000000002,9.409375,HN,LP,HNP
3I6EY,goc,21,gamma,7.768856445482559,23.614680606646616,9.071875,1.6843750000000002,9.409375,HN,LP,HNP
3I6EY,goc,22,gamma,7.915931938450374,23.616415210693344,9.071875,1.6843750000000002,9.409375,HN,LP,HNP
3I6EY,goc,23,gamma,7.414987394120139,23.32326152672885,9.071875,1.6843750000000002,9.409375,HN,LP,HNP
3I6EY,goc,24,gamma,5.749925662414427,23.36748631709373,9.071875,1.6843750000000002,9.409375,HN,LP,HNP
3I6EY,goc,25,gamma,3.6620199154984547,24.326866035780178,9.071875,1.6843750000000002,9.409375,HN,LP,HNP
3I6EY,goc,26,gamma,2.96087577304516,25.34900090109548,9.071875,1.6843750000000002,9.409375,HN,LP,HNP
3I6EY,goc,27,gamma,3.167032010216719,25.681126183365755,9.071875,1.6843750000000002,9.409375,HN,LP,HNP
3I6EY,goc,28,gamma,3.1796427829510705,25.516561320458237,9.071875,1.6843750000000002,9.409375,HN,LP,HNP
3I6EY,goc,29,gamma,2.587842331547229,25.09374122723089,9.071875,1.6843750000000002,9.409375,HN,LP,HNP
3I6EY,goc,30,gamma,1.8128399183058121,24.7444987868697,9.071875,1.6843750000000002,9.409375,HN,LP,HNP
3I6EY,goc,31,gamma,1.7276302423804601,24.731056416228277,9.071875,1.6843750000000002,9.409375,HN,LP,HNP
3I6EY,goc,32,gamma,1.9831043524249345,24.88597350252201,9.071875,1.6843750000000002,9.409375,HN,LP,HNP
3I6EY,goc,33,gamma,1.7877445270700818,24.999812706785534,9.071875,1.6843750000000002,9.409375,HN,LP,HNP
3I6EY,goc,34,gamma,0.6551978764192299,24.889549036203405,9.071875,1.6843750000000002,9.409375,HN,LP,HNP
3I6EY,goc,35,gamma,-1.6371746799191946,24.39861263761689,9.071875,1.6843750000000002,9.409375,HN,LP,HNP
3I6EY,goc,36,gamma,-4.192996197681612,23.697423598017238,9.071875,1.6843750000000002,9.409375,HN,LP,HNP
3I6EY,goc,37,gamma,-5.561495732883024,23.476476561815858,9.071875,1.6843750000000002,9.409375,HN,LP,HNP
3I6EY,goc,38,gamma,-5.686833341693248,24.729652719956185,9.071875,1.6843750000000002,9.409375,HN,LP,HNP
3I6EY,goc,39,gamma,-4.982508673302721,27.221484884143234,9.071875,1.6843750000000002,9.409375,HN,LP,HNP
3I6EY,goc,40,gamma,-3.807044565787784,29.03057493562461,9.071875,1.6843750000000002,9.409375,HN,LP,HNP
3I6EY,goc,41,gamma,-3.039720788687564,29.665814064420182,9.071875,1.6843750000000002,9.409375,HN,LP,HNP
3I6EY,goc,42,gamma,-2.9201952303867174,29.81848366543823,9.071875,1.6843750000000002,9.409375,HN,LP,HNP
3I6EY,goc,43,gamma,-3.2839028424762695,30.108836033656512,9.071875,1.6843750000000002,9.409375,HN,LP,HNP
3I6EY,goc,44,gamma,-3.9112402647152216,30.85531733498662,9.071875,1.6843750000000002,9.409375,HN,LP,HNP
3I6EY,goc,45,gamma,-4.207760537650653,31.683572369956106,9.071875,1.6843750000000002,9.409375,HN,LP,HNP
3I6EY,goc,46,gamma,-3.6324472076894416,31.868572622860384,9.071875,1.6843750000000002,9.409375,HN,LP,HNP
3I6EY,goc,47,gamma,-2.9146329743896047,31.645214554070904,9.071875,1.6843750000000002,9.409375,HN,LP,HNP
3I6EY,goc,48,gamma,-2.5996420644098777,31.493322074544523,9.071875,1.6843750000000002,9.409375,HN,LP,HNP
3I6EY,goc,49,gamma,-2.3718771405492767,31.23958410366037,9.071875,1.6843750000000002,9.409375,HN,LP,HNP
3I6EY,goc,50,gamma,-1.745227060766993,30.660049534094426,9.071875,1.6843750000000002,9.409375,HN,LP,HNP
3I6EY,goc,51,gamma,-0.7727556327200027,30.292688662294374,9.071875,1.6843750000000002,9.409375,HN,LP,HNP
3I6EY,goc,52,gamma,0.1079043369270245,30.434178326490308,9.071875,1.6843750000000002,9.409375,HN,LP,HNP
3I6EY,goc,53,gamma,0.7545177342570035,30.828914639839148,9.071875,1.6843750000000002,9.409375,HN,LP,HNP
3I6EY,goc,54,gamma,1.2534784040575957,31.098398635933943,9.071875,1.6843750000000002,9.409375,HN,LP,HNP
3I6EY,goc,55,gamma,1.5537720500557555,30.833942746391564,9.071875,1.6843750000000002,9.409375,HN,LP,HNP
3I6EY,goc,56,gamma,1.3660418410161377,30.06540504859748,9.071875,1.6843750000000002,9.409375,HN,LP,HNP
3I6EY,goc,57,gamma,0.8783475101916558,29.633706683004792,9.071875,1.6843750000000002,9.409375,HN,LP,HNP
3I6EY,goc,58,gamma,0.8378670025380544,29.910841374825853,9.071875,1.6843750000000002,9.409375,HN,LP,HNP
3I6EY,goc,59,gamma,0.30105893864187827,8.585000514315116,9.071875,1.6843750000000002,9.409375,HN,LP,HNP
3I6EY,bbs,0,gamma,-0.12110460708122162,31.562566950189773,1.7125,8.884374999999999,3.19375,LN,HP,LNP
3I6EY,bbs,1,gamma,-0.3447213645776266,31.52969666850055,1.7125,8.884374999999999,3.19375,LN,HP,LNP
3I6EY,bbs,2,gamma,-0.561510475340846,31.29556695401026,1.7125,8.884374999999999,3.19375,LN,HP,LNP
3I6EY,bbs,3,gamma,-0.7155241250681108,31.56415800495278,1.7125,8.884374999999999,3.19375,LN,HP,LNP
3I6EY,bbs,4,gamma,-0.8589420840387234,32.41265055951143,1.7125,8.884374999999999,3.19375,LN,HP,LNP
3I6EY,bbs,5,gamma,-1.0485888809663813,33.12036731166565,1.7125,8.884374999999999,3.19375,LN,HP,LNP
3I6EY,bbs,6,gamma,-1.2538209249843106,32.90423213849809,1.7125,8.884374999999999,3.19375,LN,HP,LNP
3I6EY,bbs,7,gamma,-1.396361807679206,32.03911060671013,1.7125,8.884374999999999,3.19375,LN,HP,LNP
3I6EY,bbs,8,gamma,-1.3890906145648927,31.37659748235604,1.7125,8.884374999999999,3.19375,LN,HP,LNP
3I6EY,bbs,9,gamma,-1.1299230068354653,31.157022220041327,1.7125,8.884374999999999,3.19375,LN,HP,LNP
3I6EY,bbs,10,gamma,-0.6581340408166731,30.791923345933938,1.7125,8.884374999999999,3.19375,LN,HP,LNP
3I6EY,bbs,11,gamma,-0.2770662629508891,29.83276992665079,1.7125,8.884374999999999,3.19375,LN,HP,LNP
3I6EY,bbs,12,gamma,-0.17718789205584073,28.7654664304132,1.7125,8.884374999999999,3.19375,LN,HP,LNP
3I6EY,bbs,13,gamma,-0.3222793125425021,28.027770172172186,1.7125,8.884374999999999,3.19375,LN,HP,LNP
3I6EY,bbs,14,gamma,-0.6425049246990469,27.883215080049112,1.7125,8.884374999999999,3.19375,LN,HP,LNP
3I6EY,bbs,15,gamma,-0.9067157639918477,28.239481548183754,1.7125,8.884374999999999,3.19375,LN,HP,LNP
3I6EY,bbs,16,gamma,-0.7475469934116035,28.141355772024312,1.7125,8.884374999999999,3.19375,LN,HP,LNP
3I6EY,bbs,17,gamma,-0.36370042899447697,27.34999956917562,1.7125,8.884374999999999,3.19375,LN,HP,LNP
3I6EY,bbs,18,gamma,-0.1979549547703563,26.502517806998917,1.7125,8.884374999999999,3.19375,LN,HP,LNP
3I6EY,bbs,19,gamma,-0.346685870445814,25.808933551818438,1.7125,8.884374999999999,3.19375,LN,HP,LNP
3I6EY,bbs,20,gamma,-0.6737360013182219,25.274755060006967,1.7125,8.884374999999999,3.19375,LN,HP,LNP
3I6EY,bbs,21,gamma,-0.7931555096059313,24.842962373712737,1.7125,8.884374999999999,3.19375,LN,HP,LNP
3I6EY,bbs,22,gamma,-0.5339240366128486,24.453904226578786,1.7125,8.884374999999999,3.19375,LN,HP,LNP
3I6EY,bbs,23,gamma,-0.2832183537978885,24.20448970431764,1.7125,8.884374999999999,3.19375,LN,HP,LNP
3I6EY,bbs,24,gamma,-0.3735000871098464,24.327458539452778,1.7125,8.884374999999999,3.19375,LN,HP,LNP
3I6EY,bbs,25,gamma,-0.971115578986609,25.19352552319055,1.7125,8.884374999999999,3.19375,LN,HP,LNP
3I6EY,bbs,26,gamma,-1.9909125055556345,26.565248603657427,1.7125,8.884374999999999,3.19375,LN,HP,LNP
3I6EY,bbs,27,gamma,-2.744054541169511,27.132146753434263,1.7125,8.884374999999999,3.19375,LN,HP,LNP
3I6EY,bbs,28,gamma,-2.893317846112698,26.317645449092595,1.7125,8.884374999999999,3.19375,LN,HP,LNP
3I6EY,bbs,29,gamma,-3.086248913124038,25.30157138594734,1.7125,8.884374999999999,3.19375,LN,HP,LNP
3I6EY,bbs,30,gamma,-3.687879682311003,24.858086241615425,1.7125,8.884374999999999,3.19375,LN,HP,LNP
3I6EY,bbs,31,gamma,-4.2819269517632925,24.922306528259213,1.7125,8.884374999999999,3.19375,LN,HP,LNP
3I6EY,bbs,32,gamma,-4.146776418620384,24.757004275215493,1.7125,8.884374999999999,3.19375,LN,HP,LNP
3I6EY,bbs,33,gamma,-3.561690332496081,24.394877690485323,1.7125,8.884374999999999,3.19375,LN,HP,LNP
3I6EY,bbs,34,gamma,-3.2118902715964808,24.49218114331787,1.7125,8.884374999999999,3.19375,LN,HP,LNP
3I6EY,bbs,35,gamma,-3.2780633877029715,25.16449817736116,1.7125,8.884374999999999,3.19375,LN,HP,LNP
3I6EY,bbs,36,gamma,-3.6200344110684597,26.047245795399952,1.7125,8.884374999999999,3.19375,LN,HP,LNP
3I6EY,bbs,37,gamma,-3.9846004407137805,26.78450405032445,1.7125,8.884374999999999,3.19375,LN,HP,LNP
3I6EY,bbs,38,gamma,-4.108789331254233,27.23242470763271,1.7125,8.884374999999999,3.19375,LN,HP,LNP
3I6EY,bbs,39,gamma,-4.008976775553439,27.451523210423428,1.7125,8.884374999999999,3.19375,LN,HP,LNP
3I6EY,bbs,40,gamma,-3.9519608661055443,27.50643717187372,1.7125,8.884374999999999,3.19375,LN,HP,LNP
3I6EY,bbs,41,gamma,-4.05877748492566,27.351567970821154,1.7125,8.884374999999999,3.19375,LN,HP,LNP
3I6EY,bbs,42,gamma,-4.250007805030165,27.091693479897422,1.7125,8.884374999999999,3.19375,LN,HP,LNP
3I6EY,bbs,43,gamma,-4.383026697759156,26.895881570198682,1.7125,8.884374999999999,3.19375,LN,HP,LNP
3I6EY,bbs,44,gamma,-4.370164099408857,26.745141365303056,1.7125,8.884374999999999,3.19375,LN,HP,LNP
3I6EY,bbs,45,gamma,-4.268453568357103,26.391274727931954,1.7125,8.884374999999999,3.19375,LN,HP,LNP
3I6EY,bbs,46,gamma,-4.227211443059467,25.78296566773187,1.7125,8.884374999999999,3.19375,LN,HP,LNP
3I6EY,bbs,47,gamma,-4.254544540832509,25.048577173473838,1.7125,8.884374999999999,3.19375,LN,HP,LNP
3I6EY,bbs,48,gamma,-4.22651492538715,24.408922309050162,1.7125,8.884374999999999,3.19375,LN,HP,LNP
3I6EY,bbs,49,gamma,-4.075005859569757,24.017984481029107,1.7125,8.884374999999999,3.19375,LN,HP,LNP
3I6EY,bbs,50,gamma,-3.867963466270851,23.777529650107915,1.7125,8.884374999999999,3.19375,LN,HP,LNP
3I6EY,bbs,51,gamma,-3.7112625343198538,23.548020579604106,1.7125,8.884374999999999,3.19375,LN,HP,LNP
3I6EY,bbs,52,gamma,-3.6542929576178445,23.51450454639344,1.7125,8.884374999999999,3.19375,LN,HP,LNP
3I6EY,bbs,53,gamma,-3.670635180282815,23.94597307379881,1.7125,8.884374999999999,3.19375,LN,HP,LNP
3I6EY,bbs,54,gamma,-3.6561876123056685,24.587556910676682,1.7125,8.884374999999999,3.19375,LN,HP,LNP
3I6EY,bbs,55,gamma,-3.4658078985256893,24.962564033082828,1.7125,8.884374999999999,3.19375,LN,HP,LNP
3I6EY,bbs,56,gamma,-3.0020451451012455,24.827181442741463,1.7125,8.884374999999999,3.19375,LN,HP,LNP
3I6EY,bbs,57,gamma,-2.2196905211749396,24.174539095613653,1.7125,8.884374999999999,3.19375,LN,HP,LNP
3I6EY,bbs,58,gamma,-1.2925425054366393,23.20768594531596,1.7125,8.884374999999999,3.19375,LN,HP,LNP
3I6EY,bbs,59,gamma,-0.22820340019426322,6.424247206768536,1.7125,8.884374999999999,3.19375,LN,HP,LNP
3I6EY,jbg,0,gamma,0.7372658164810453,28.297123602255766,6.878125,3.775,7.69375,HN,LP,HNP
3I6EY,jbg,1,gamma,0.7748602753270966,26.984306369315682,6.878125,3.775,7.69375,HN,LP,HNP
3I6EY,jbg,2,gamma,0.8708357156894486,26.002170903211965,6.878125,3.775,7.69375,HN,LP,HNP
3I6EY,jbg,3,gamma,0.9009368724142064,26.545833805802065,6.878125,3.775,7.69375,HN,LP,HNP
3I6EY,jbg,4,gamma,0.7803436838178293,28.092806054461555,6.878125,3.775,7.69375,HN,LP,HNP
3I6EY,jbg,5,gamma,0.6031317822083331,28.84320831832281,6.878125,3.775,7.69375,HN,LP,HNP
3I6EY,jbg,6,gamma,0.5241821489813958,27.93079598675555,6.878125,3.775,7.69375,HN,LP,HNP
3I6EY,jbg,7,gamma,0.5567165995898193,26.214089191997587,6.878125,3.775,7.69375,HN,LP,HNP
3I6EY,jbg,8,gamma,0.6411606168678077,24.729582885929087,6.878125,3.775,7.69375,HN,LP,HNP
3I6EY,jbg,9,gamma,0.6307994256996459,24.028139192984565,6.878125,3.775,7.69375,HN,LP,HNP
3I6EY,jbg,10,gamma,0.2283978772442019,24.272212785373164,6.878125,3.775,7.69375,HN,LP,HNP
3I6EY,jbg,11,gamma,-0.5997404469404444,24.886230490622225,6.878125,3.775,7.69375,HN,LP,HNP
3I6EY,jbg,12,gamma,-1.3929372820546213,25.398127914436756,6.878125,3.775,7.69375,HN,LP,HNP
3I6EY,jbg,13,gamma,-1.973298383464254,26.34941331242043,6.878125,3.775,7.69375,HN,LP,HNP
3I6EY,jbg,14,gamma,-2.3549130513738064,28.32116996740229,6.878125,3.775,7.69375,HN,LP,HNP
3I6EY,jbg,15,gamma,-2.388904746045128,30.94158972897752,6.878125,3.775,7.69375,HN,LP,HNP
3I6EY,jbg,16,gamma,-2.1145045891894796,32.60128315901473,6.878125,3.775,7.69375,HN,LP,HNP
3I6EY,jbg,17,gamma,-1.8466405247987225,32.86575048841601,6.878125,3.775,7.69375,HN,LP,HNP
3I6EY,jbg,18,gamma,-1.733713848631485,32.55006042238537,6.878125,3.775,7.69375,HN,LP,HNP
3I6EY,jbg,19,gamma,-1.723713271254642,32.252978277390525,6.878125,3.775,7.69375,HN,LP,HNP
3I6EY,jbg,20,gamma,-1.6376297449223394,32.486763201327136,6.878125,3.775,7.69375,HN,LP,HNP
3I6EY,jbg,21,gamma,-1.3252890693215384,33.35640838649053,6.878125,3.775,7.69375,HN,LP,HNP
3I6EY,jbg,22,gamma,-0.9866280838974717,34.04463198543004,6.878125,3.775,7.69375,HN,LP,HNP
3I6EY,jbg,23,gamma,-0.8319826668712693,34.17037154764107,6.878125,3.775,7.69375,HN,LP,HNP
3I6EY,jbg,24,gamma,-0.8707612728966083,33.92261007161822,6.878125,3.775,7.69375,HN,LP,HNP
3I6EY,jbg,25,gamma,-1.0957679119976191,33.723510765762,6.878125,3.775,7.69375,HN,LP,HNP
3I6EY,jbg,26,gamma,-1.3796994701278749,34.33710572737648,6.878125,3.775,7.69375,HN,LP,HNP
3I6EY,jbg,27,gamma,-1.4229100758023918,35.844992225364805,6.878125,3.775,7.69375,HN,LP,HNP
3I6EY,jbg,28,gamma,-1.2483757950942476,36.98443366512366,6.878125,3.775,7.69375,HN,LP,HNP
3I6EY,jbg,29,gamma,-1.111115736366905,37.19347221564304,6.878125,3.775,7.69375,HN,LP,HNP
3I6EY,jbg,30,gamma,-1.0868707409282194,36.53290104707827,6.878125,3.775,7.69375,HN,LP,HNP
3I6EY,jbg,31,gamma,-1.0334453099742902,35.03520346733876,6.878125,3.775,7.69375,HN,LP,HNP
3I6EY,jbg,32,gamma,-0.6473029760261113,33.63968879681879,6.878125,3.775,7.69375,HN,LP,HNP
3I6EY,jbg,33,gamma,-0.1258929199023271,33.92134119761985,6.878125,3.775,7.69375,HN,LP,HNP
3I6EY,jbg,34,gamma,0.07344359886773333,34.6510549726721,6.878125,3.775,7.69375,HN,LP,HNP
3I6EY,jbg,35,gamma,-0.06672078659200054,34.19596283836343,6.878125,3.775,7.69375,HN,LP,HNP
3I6EY,jbg,36,gamma,-0.40357283670225996,32.05338427135226,6.878125,3.775,7.69375,HN,LP,HNP
3I6EY,jbg,37,gamma,-0.6474749181622101,28.707415605177697,6.878125,3.775,7.69375,HN,LP,HNP
3I6EY,jbg,38,gamma,-0.5722065329131176,26.57477636673078,6.878125,3.775,7.69375,HN,LP,HNP
3I6EY,jbg,39,gamma,-0.41015886321461537,27.0623377425811,6.878125,3.775,7.69375,HN,LP,HNP
3I6EY,jbg,40,gamma,-0.4536616949870371,27.85056874861378,6.878125,3.775,7.69375,HN,LP,HNP
3I6EY,jbg,41,gamma,-0.5120367662724945,27.009238151122894,6.878125,3.775,7.69375,HN,LP,HNP
3I6EY,jbg,42,gamma,-0.3749896286678869,25.22955789769501,6.878125,3.775,7.69375,HN,LP,HNP
3I6EY,jbg,43,gamma,-0.16190309256159452,24.181860663547816,6.878125,3.775,7.69375,HN,LP,HNP
3I6EY,jbg,44,gamma,-0.07182812762320978,24.360739366132847,6.878125,3.775,7.69375,HN,LP,HNP
3I6EY,jbg,45,gamma,-0.16436705820518682,24.74539451269041,6.878125,3.775,7.69375,HN,LP,HNP
3I6EY,jbg,46,gamma,-0.2793133232174547,24.08268625869598,6.878125,3.775,7.69375,HN,LP,HNP
3I6EY,jbg,47,gamma,-0.3162156292684415,22.352994156760587,6.878125,3.775,7.69375,HN,LP,HNP
3I6EY,jbg,48,gamma,-0.31109235566058757,20.568406548456696,6.878125,3.775,7.69375,HN,LP,HNP
3I6EY,jbg,49,gamma,-0.3001265071827106,20.009460945619182,6.878125,3.775,7.69375,HN,LP,HNP
3I6EY,jbg,50,gamma,-0.3949957019754855,21.381857876122588,6.878125,3.775,7.69375,HN,LP,HNP
3I6EY,jbg,51,gamma,-0.7157591681455315,23.43423733146378,6.878125,3.775,7.69375,HN,LP,HNP
3I6EY,jbg,52,gamma,-1.1671261316739567,24.288383889015392,6.878125,3.775,7.69375,HN,LP,HNP
3I6EY,jbg,53,gamma,-1.5237832023933997,23.966074978482894,6.878125,3.775,7.69375,HN,LP,HNP
3I6EY,jbg,54,gamma,-1.4852607770393291,23.517043328955854,6.878125,3.775,7.69375,HN,LP,HNP
3I6EY,jbg,55,gamma,-1.0706308706601426,23.42732499737903,6.878125,3.775,7.69375,HN,LP,HNP
3I6EY,jbg,56,gamma,-0.7025794129430913,23.3543681581014,6.878125,3.775,7.69375,HN,LP,HNP
3I6EY,jbg,57,gamma,-0.6601417268990311,22.99105158797782,6.878125,3.775,7.69375,HN,LP,HNP
3I6EY,jbg,58,gamma,-0.8904160763774023,22.38621537473664,6.878125,3.775,7.69375,HN,LP,HNP
3I6EY,jbg,59,gamma,-0.3022911274620945,6.245636676684026,6.878125,3.775,7.69375,HN,LP,HNP
3I6EY,ndp,0,gamma,0.035090515919950604,23.690082677422666,9.578125,1.421875,8.48125,HN,LP,HNP
3I6EY,ndp,1,gamma,0.08780250829781622,22.466177334983698,9.578125,1.421875,8.48125,HN,LP,HNP
3I6EY,ndp,2,gamma,0.24869462919860297,21.706044573530384,9.578125,1.421875,8.48125,HN,LP,HNP
3I6EY,ndp,3,gamma,0.3954935293232964,21.837499324234585,9.578125,1.421875,8.48125,HN,LP,HNP
3I6EY,ndp,4,gamma,0.4389027630594029,22.45221851260893,9.578125,1.421875,8.48125,HN,LP,HNP
3I6EY,ndp,5,gamma,0.4102476354084459,22.822579910664842,9.578125,1.421875,8.48125,HN,LP,HNP
3I6EY,ndp,6,gamma,0.41637787896226186,22.67729702424375,9.578125,1.421875,8.48125,HN,LP,HNP
3I6EY,ndp,7,gamma,0.5014866344161852,22.371437497554734,9.578125,1.421875,8.48125,HN,LP,HNP
3I6EY,ndp,8,gamma,0.6248460235464783,22.3097313993025,9.578125,1.421875,8.48125,HN,LP,HNP
3I6EY,ndp,9,gamma,0.6954884096053,22.549379576175447,9.578125,1.421875,8.48125,HN,LP,HNP
3I6EY,ndp,10,gamma,0.6430013490006345,22.84519043928546,9.578125,1.421875,8.48125,HN,LP,HNP
3I6EY,ndp,11,gamma,0.5173094057763983,22.877447925969346,9.578125,1.421875,8.48125,HN,LP,HNP
3I6EY,ndp,12,gamma,0.4286294671861981,22.591741902021383,9.578125,1.421875,8.48125,HN,LP,HNP
3I6EY,ndp,13,gamma,0.4447868694385555,22.222283491871863,9.578125,1.421875,8.48125,HN,LP,HNP
3I6EY,ndp,14,gamma,0.5755708560354797,22.065616791053547,9.578125,1.421875,8.48125,HN,LP,HNP
3I6EY,ndp,15,gamma,0.7684226403718277,22.425582641545873,9.578125,1.421875,8.48125,HN,LP,HNP
3I6EY,ndp,16,gamma,0.9282279754226863,23.377690608198392,9.578125,1.421875,8.48125,HN,LP,HNP
3I6EY,ndp,17,gamma,0.9492977865805798,24.4924229213938,9.578125,1.421875,8.48125,HN,LP,HNP
3I6EY,ndp,18,gamma,0.8115581800026312,25.20158177278526,9.578125,1.421875,8.48125,HN,LP,HNP
3I6EY,ndp,19,gamma,0.6291171998960436,25.35772923262436,9.578125,1.421875,8.48125,HN,LP,HNP
3I6EY,ndp,20,gamma,0.5600166747917541,25.226761592603577,9.578125,1.421875,8.48125,HN,LP,HNP
3I6EY,ndp,21,gamma,0.6096328826025399,25.27375577843201,9.578125,1.421875,8.48125,HN,LP,HNP
3I6EY,ndp,22,gamma,0.5715960316692872,25.68550308159489,9.578125,1.421875,8.48125,HN,LP,HNP
3I6EY,ndp,23,gamma,0.27051069440123143,26.143102795244346,9.578125,1.421875,8.48125,HN,LP,HNP
3I6EY,ndp,24,gamma,-0.1630582533761391,26.219530246746857,9.578125,1.421875,8.48125,HN,LP,HNP
3I6EY,ndp,25,gamma,-0.341676772203364,25.97605756644279,9.578125,1.421875,8.48125,HN,LP,HNP
3I6EY,ndp,26,gamma,-0.16384446348213189,25.884595088741854,9.578125,1.421875,8.48125,HN,LP,HNP
3I6EY,ndp,27,gamma,0.09177769424221793,26.146372560929947,9.578125,1.421875,8.48125,HN,LP,HNP
3I6EY,ndp,28,gamma,0.18016467941028935,26.326027253848693,9.578125,1.421875,8.48125,HN,LP,HNP
3I6EY,ndp,29,gamma,0.03904904243191609,25.26723222796202,9.578125,1.421875,8.48125,HN,LP,HNP
3I6EY,ndp,30,gamma,-0.23414846864181982,22.28146350543271,9.578125,1.421875,8.48125,HN,LP,HNP
3I6EY,ndp,31,gamma,-0.5470322967659023,18.93944862880671,9.578125,1.421875,8.48125,HN,LP,HNP
3I6EY,ndp,32,gamma,-0.7975506677151802,16.59557442498602,9.578125,1.421875,8.48125,HN,LP,HNP
3I6EY,ndp,33,gamma,-0.8869983250006008,15.205057415968966,9.578125,1.421875,8.48125,HN,LP,HNP
3I6EY,ndp,34,gamma,-0.7220957443192901,14.83749750369693,9.578125,1.421875,8.48125,HN,LP,HNP
3I6EY,ndp,35,gamma,-0.4000417896493609,15.57632772349545,9.578125,1.421875,8.48125,HN,LP,HNP
3I6EY,ndp,36,gamma,-0.31218278287989776,16.218677503935663,9.578125,1.421875,8.48125,HN,LP,HNP
3I6EY,ndp,37,gamma,-0.5865466553481244,16.338304443027607,9.578125,1.421875,8.48125,HN,LP,HNP
3I6EY,ndp,38,gamma,-1.0386411153112718,16.644366008916023,9.578125,1.421875,8.48125,HN,LP,HNP
3I6EY,ndp,39,gamma,-1.4328139323558258,17.515547761718445,9.578125,1.421875,8.48125,HN,LP,HNP
3I6EY,ndp,40,gamma,-1.423632765020038,18.52191740669153,9.578125,1.421875,8.48125,HN,LP,HNP
3I6EY,ndp,41,gamma,-0.9859877880696395,18.462404555717193,9.578125,1.421875,8.48125,HN,LP,HNP
3I6EY,ndp,42,gamma,-0.6834797826655219,17.441080709340813,9.578125,1.421875,8.48125,HN,LP,HNP
3I6EY,ndp,43,gamma,-0.7358277112312965,16.883108388666237,9.578125,1.421875,8.48125,HN,LP,HNP
3I6EY,ndp,44,gamma,-0.8388352904637131,17.5313817507347,9.578125,1.421875,8.48125,HN,LP,HNP
3I6EY,ndp,45,gamma,-0.4829989528998091,19.551913449940272,9.578125,1.421875,8.48125,HN,LP,HNP
3I6EY,ndp,46,gamma,0.2959248474239651,22.41254912366745,9.578125,1.421875,8.48125,HN,LP,HNP
3I6EY,ndp,47,gamma,0.8510044069638987,25.089054901854986,9.578125,1.421875,8.48125,HN,LP,HNP
3I6EY,ndp,48,gamma,0.9786725849611209,26.994396685514708,9.578125,1.421875,8.48125,HN,LP,HNP
3I6EY,ndp,49,gamma,0.8442583623429059,27.909721101606888,9.578125,1.421875,8.48125,HN,LP,HNP
3I6EY,ndp,50,gamma,0.621238809721941,27.74499420986359,9.578125,1.421875,8.48125,HN,LP,HNP
3I6EY,ndp,51,gamma,0.4893098093708197,26.996491999999495,9.578125,1.421875,8.48125,HN,LP,HNP
3I6EY,ndp,52,gamma,0.5960099775955605,26.752511241229733,9.578125,1.421875,8.48125,HN,LP,HNP
3I6EY,ndp,53,gamma,0.8127195966748282,27.43584734554324,9.578125,1.421875,8.48125,HN,LP,HNP
3I6EY,ndp,54,gamma,0.9401689805566242,28.25242557191573,9.578125,1.421875,8.48125,HN,LP,HNP
3I6EY,ndp,55,gamma,0.9494668867630409,28.320888004914934,9.578125,1.421875,8.48125,HN,LP,HNP
3I6EY,ndp,56,gamma,0.8951935327192828,27.558999263656162,9.578125,1.421875,8.48125,HN,LP,HNP
3I6EY,ndp,57,gamma,0.8927030522371773,26.8923030285283,9.578125,1.421875,8.48125,HN,LP,HNP
3I6EY,ndp,58,gamma,0.9574334654222127,27.32601885271417,9.578125,1.421875,8.48125,HN,LP,HNP
3I6EY,ndp,59,gamma,0.2805281027313047,7.962602521030192,9.578125,1.421875,8.48125,HN,LP,HNP
3I6EY,gam,0,gamma,1.180567095754462,30.75459571540621,1.6843750000000002,9.475,1.4874999999999998,LN,HP,LNP
3I6EY,gam,1,gamma,0.8279875765388311,29.04469727426785,1.6843750000000002,9.475,1.4874999999999998,LN,HP,LNP
3I6EY,gam,2,gamma,0.8995247378683473,26.99551782120279,1.6843750000000002,9.475,1.4874999999999998,LN,HP,LNP
3I6EY,gam,3,gamma,1.2297287577019382,25.54901035165161,1.6843750000000002,9.475,1.4874999999999998,LN,HP,LNP
3I6EY,gam,4,gamma,1.6117796760724339,25.6736454685068,1.6843750000000002,9.475,1.4874999999999998,LN,HP,LNP
3I6EY,gam,5,gamma,1.762665692565097,27.673355869362503,1.6843750000000002,9.475,1.4874999999999998,LN,HP,LNP
3I6EY,gam,6,gamma,1.5208922180972557,28.990361204294537,1.6843750000000002,9.475,1.4874999999999998,LN,HP,LNP
3I6EY,gam,7,gamma,1.146792778321231,27.867429629561244,1.6843750000000002,9.475,1.4874999999999998,LN,HP,LNP
3I6EY,gam,8,gamma,1.0659426975057897,26.174790872540534,1.6843750000000002,9.475,1.4874999999999998,LN,HP,LNP
3I6EY,gam,9,gamma,1.3119393024785495,25.724607454064014,1.6843750000000002,9.475,1.4874999999999998,LN,HP,LNP
3I6EY,gam,10,gamma,1.644169004595593,27.283721704008215,1.6843750000000002,9.475,1.4874999999999998,LN,HP,LNP
3I6EY,gam,11,gamma,1.6797329730329729,29.059689940956325,1.6843750000000002,9.475,1.4874999999999998,LN,HP,LNP
3I6EY,gam,12,gamma,1.2625052409428008,28.53629716842604,1.6843750000000002,9.475,1.4874999999999998,LN,HP,LNP
3I6EY,gam,13,gamma,0.8591804237600691,26.631315237437722,1.6843750000000002,9.475,1.4874999999999998,LN,HP,LNP
3I6EY,gam,14,gamma,0.7171875447049096,24.662851258086405,1.6843750000000002,9.475,1.4874999999999998,LN,HP,LNP
3I6EY,gam,15,gamma,0.7712782095579591,22.95980487556441,1.6843750000000002,9.475,1.4874999999999998,LN,HP,LNP
3I6EY,gam,16,gamma,0.9278849507532989,21.535976439053137,1.6843750000000002,9.475,1.4874999999999998,LN,HP,LNP
3I6EY,gam,17,gamma,1.1534700762910894,20.260083919460286,1.6843750000000002,9.475,1.4874999999999998,LN,HP,LNP
3I6EY,gam,18,gamma,1.6195910536602227,18.216740704262612,1.6843750000000002,9.475,1.4874999999999998,LN,HP,LNP
3I6EY,gam,19,gamma,4.87382744920929,6.373435012685087,1.6843750000000002,9.475,1.4874999999999998,LN,HP,LNP
3I6EY,gam,20,gamma,5.743655049543845,14.63574285912983,1.6843750000000002,9.475,1.4874999999999998,LN,HP,LNP
3I6EY,gam,21,gamma,8.664234228677039,33.84351948568543,1.6843750000000002,9.475,1.4874999999999998,LN,HP,LNP
3I6EY,gam,22,gamma,8.250295103433118,36.175616468264636,1.6843750000000002,9.475,1.4874999999999998,LN,HP,LNP
3I6EY,gam,23,gamma,7.328360590263724,35.643765057254214,1.6843750000000002,9.475,1.4874999999999998,LN,HP,LNP
3I6EY,gam,24,gamma,5.835749924042112,35.138857256709436,1.6843750000000002,9.475,1.4874999999999998,LN,HP,LNP
3I6EY,gam,25,gamma,4.790002947270764,35.07928392953703,1.6843750000000002,9.475,1.4874999999999998,LN,HP,LNP
3I6EY,gam,26,gamma,4.5910368132656885,35.099240495182684,1.6843750000000002,9.475,1.4874999999999998,LN,HP,LNP
3I6EY,gam,27,gamma,4.772346327057882,34.82657628264791,1.6843750000000002,9.475,1.4874999999999998,LN,HP,LNP
3I6EY,gam,28,gamma,4.547070853029446,33.84236968816525,1.6843750000000002,9.475,1.4874999999999998,LN,HP,LNP
3I6EY,gam,29,gamma,5.331496251982774,13.50059215404136,1.6843750000000002,9.475,1.4874999999999998,LN,HP,LNP
3I6EY,gam,30,gamma,-7.238778045596355,31.279221692096613,1.6843750000000002,9.475,1.4874999999999998,LN,HP,LNP
3I6EY,gam,31,gamma,-10.605178821062665,35.77005367369081,1.6843750000000002,9.475,1.4874999999999998,LN,HP,LNP
3I6EY,gam,32,gamma,-11.179473252363309,35.99369552933116,1.6843750000000002,9.475,1.4874999999999998,LN,HP,LNP
3I6EY,gam,33,gamma,-10.979570764943674,35.67953666761996,1.6843750000000002,9.475,1.4874999999999998,LN,HP,LNP
3I6EY,gam,34,gamma,-9.842611683328773,34.9318079899765,1.6843750000000002,9.475,1.4874999999999998,LN,HP,LNP
3I6EY,gam,35,gamma,-7.121849518002815,33.068338084277016,1.6843750000000002,9.475,1.4874999999999998,LN,HP,LNP
3I6EY,gam,36,gamma,-2.8470745244192166,29.61185186611889,1.6843750000000002,9.475,1.4874999999999998,LN,HP,LNP
3I6EY,gam,37,gamma,0.6638177356166537,26.8943456140178,1.6843750000000002,9.475,1.4874999999999998,LN,HP,LNP
3I6EY,gam,38,gamma,1.005343250167833,28.531022403525434,1.6843750000000002,9.475,1.4874999999999998,LN,HP,LNP
3I6EY,gam,39,gamma,0.2680575875706026,31.572765728309534,1.6843750000000002,9.475,1.4874999999999998,LN,HP,LNP
3I6EY,gam,40,gamma,0.15503932605806625,32.66464909104367,1.6843750000000002,9.475,1.4874999999999998,LN,HP,LNP
3I6EY,gam,41,gamma,0.378526598452801,32.23388058896077,1.6843750000000002,9.475,1.4874999999999998,LN,HP,LNP
3I6EY,gam,42,gamma,0.5908510064487338,31.179710808751082,1.6843750000000002,9.475,1.4874999999999998,LN,HP,LNP
3I6EY,gam,43,gamma,0.6390019731359935,30.151469085046866,1.6843750000000002,9.475,1.4874999999999998,LN,HP,LNP
3I6EY,gam,44,gamma,0.4782106770239416,30.018562166778906,1.6843750000000002,9.475,1.4874999999999998,LN,HP,LNP
3I6EY,gam,45,gamma,0.25231840864213595,31.272724407861382,1.6843750000000002,9.475,1.4874999999999998,LN,HP,LNP
3I6EY,gam,46,gamma,0.30304810727661646,32.17089978980407,1.6843750000000002,9.475,1.4874999999999998,LN,HP,LNP
3I6EY,gam,47,gamma,0.5497207057957141,31.62547834197357,1.6843750000000002,9.475,1.4874999999999998,LN,HP,LNP
3I6EY,gam,48,gamma,0.7666484740763941,30.441089130698398,1.6843750000000002,9.475,1.4874999999999998,LN,HP,LNP
3I6EY,gam,49,gamma,0.9514358756286292,29.563110541715275,1.6843750000000002,9.475,1.4874999999999998,LN,HP,LNP
3I6EY,gam,50,gamma,1.0795367312805375,30.03892451138225,1.6843750000000002,9.475,1.4874999999999998,LN,HP,LNP
3I6EY,gam,51,gamma,0.9994842297571793,31.471141628405533,1.6843750000000002,9.475,1.4874999999999998,LN,HP,LNP
3I6EY,gam,52,gamma,0.8356685565459188,31.907692851141103,1.6843750000000002,9.475,1.4874999999999998,LN,HP,LNP
3I6EY,gam,53,gamma,0.6802427686057833,31.321304570007435,1.6843750000000002,9.475,1.4874999999999998,LN,HP,LNP
3I6EY,gam,54,gamma,0.5443451610151264,30.382174450174695,1.6843750000000002,9.475,1.4874999999999998,LN,HP,LNP
3I6EY,gam,55,gamma,0.4882483662786896,29.337499818200932,1.6843750000000002,9.475,1.4874999999999998,LN,HP,LNP
3I6EY,gam,56,gamma,0.7438587356300062,28.344221459596746,1.6843750000000002,9.475,1.4874999999999998,LN,HP,LNP
3I6EY,gam,57,gamma,1.7721493303684284,28.00812278513951,1.6843750000000002,9.475,1.4874999999999998,LN,HP,LNP
3I6EY,gam,58,gamma,2.4988091421362384,28.770738074467584,1.6843750000000002,9.475,1.4874999999999998,LN,HP,LNP
3I6EY,gam,59,gamma,0.5934027844558827,8.302127508908221,1.6843750000000002,9.475,1.4874999999999998,LN,HP,LNP
3I6EY,bls,0,gamma,4.651359809286458,28.132508014649254,2.696875,5.63125,3.5781250000000004,LN,HP,LNP
3I6EY,bls,1,gamma,3.9357967822401747,30.21843823210658,2.696875,5.63125,3.5781250000000004,LN,HP,LNP
3I6EY,bls,2,gamma,3.316300555848251,31.946453582937387,2.696875,5.63125,3.5781250000000004,LN,HP,LNP
3I6EY,bls,3,gamma,2.9748773607179047,32.15209525247249,2.696875,5.63125,3.5781250000000004,LN,HP,LNP
3I6EY,bls,4,gamma,3.267940552735478,28.591962440506407,2.696875,5.63125,3.5781250000000004,LN,HP,LNP
3I6EY,bls,5,gamma,3.382987445080918,23.885369912055207,2.696875,5.63125,3.5781250000000004,LN,HP,LNP
3I6EY,bls,6,gamma,2.201942624976059,22.145300217240568,2.696875,5.63125,3.5781250000000004,LN,HP,LNP
3I6EY,bls,7,gamma,0.8794898599962977,21.49642866323299,2.696875,5.63125,3.5781250000000004,LN,HP,LNP
3I6EY,bls,8,gamma,1.0050984111923142,22.96117902018433,2.696875,5.63125,3.5781250000000004,LN,HP,LNP
3I6EY,bls,9,gamma,7.378343823321721,26.71418069094993,2.696875,5.63125,3.5781250000000004,LN,HP,LNP
3I6EY,bls,10,gamma,9.502309949335064,30.184607093476018,2.696875,5.63125,3.5781250000000004,LN,HP,LNP
3I6EY,bls,11,gamma,1.4653826958852605,34.33070027830473,2.696875,5.63125,3.5781250000000004,LN,HP,LNP
3I6EY,bls,12,gamma,0.583091686198479,34.93366257064838,2.696875,5.63125,3.5781250000000004,LN,HP,LNP
3I6EY,bls,13,gamma,0.8189746194651022,35.40076482979531,2.696875,5.63125,3.5781250000000004,LN,HP,LNP
3I6EY,bls,14,gamma,3.3159580117643443,34.01757248689383,2.696875,5.63125,3.5781250000000004,LN,HP,LNP
3I6EY,bls,15,gamma,2.540283905381294,27.170667892290346,2.696875,5.63125,3.5781250000000004,LN,HP,LNP
3I6EY,bls,16,gamma,1.3720828644525476,25.191439075033642,2.696875,5.63125,3.5781250000000004,LN,HP,LNP
3I6EY,bls,17,gamma,1.1578061854924968,24.107915852934823,2.696875,5.63125,3.5781250000000004,LN,HP,LNP
3I6EY,bls,18,gamma,1.0243812124100522,23.32918906457295,2.696875,5.63125,3.5781250000000004,LN,HP,LNP
3I6EY,bls,19,gamma,0.5378574201149782,23.4331808833601,2.696875,5.63125,3.5781250000000004,LN,HP,LNP
3I6EY,bls,20,gamma,0.9018807634267603,24.019806967097622,2.696875,5.63125,3.5781250000000004,LN,HP,LNP
3I6EY,bls,21,gamma,2.4174286105042206,24.67308986742684,2.696875,5.63125,3.5781250000000004,LN,HP,LNP
3I6EY,bls,22,gamma,3.249792094717421,25.170845424345153,2.696875,5.63125,3.5781250000000004,LN,HP,LNP
3I6EY,bls,23,gamma,1.9424781728407012,25.24736838988082,2.696875,5.63125,3.5781250000000004,LN,HP,LNP
3I6EY,bls,24,gamma,0.9670317225651281,24.57644474093511,2.696875,5.63125,3.5781250000000004,LN,HP,LNP
3I6EY,bls,25,gamma,1.8293588570548422,23.806486221242288,2.696875,5.63125,3.5781250000000004,LN,HP,LNP
3I6EY,bls,26,gamma,3.5599980467260153,23.66049809894397,2.696875,5.63125,3.5781250000000004,LN,HP,LNP
3I6EY,bls,27,gamma,5.205665722024108,23.453697559980302,2.696875,5.63125,3.5781250000000004,LN,HP,LNP
3I6EY,bls,28,gamma,5.096954156073711,22.965048824077442,2.696875,5.63125,3.5781250000000004,LN,HP,LNP
3I6EY,bls,29,gamma,3.7031977440240986,22.524720531704773,2.696875,5.63125,3.5781250000000004,LN,HP,LNP
3I6EY,bls,30,gamma,2.5307760306501983,22.445083770262602,2.696875,5.63125,3.5781250000000004,LN,HP,LNP
3I6EY,bls,31,gamma,2.3747191637846505,22.89392484453578,2.696875,5.63125,3.5781250000000004,LN,HP,LNP
3I6EY,bls,32,gamma,3.6284409600356575,23.340772569221784,2.696875,5.63125,3.5781250000000004,LN,HP,LNP
3I6EY,bls,33,gamma,5.599054253958748,23.113965102347265,2.696875,5.63125,3.5781250000000004,LN,HP,LNP
3I6EY,bls,34,gamma,6.255312876543158,22.50542528920922,2.696875,5.63125,3.5781250000000004,LN,HP,LNP
3I6EY,bls,35,gamma,5.135172022597594,22.0626918652531,2.696875,5.63125,3.5781250000000004,LN,HP,LNP
3I6EY,bls,36,gamma,3.47087427799935,22.19863311559252,2.696875,5.63125,3.5781250000000004,LN,HP,LNP
3I6EY,bls,37,gamma,2.320422619328035,23.221042473678523,2.696875,5.63125,3.5781250000000004,LN,HP,LNP
3I6EY,bls,38,gamma,2.1192205111939764,24.035049478250244,2.696875,5.63125,3.5781250000000004,LN,HP,LNP
3I6EY,bls,39,gamma,1.968060052833433,23.877883725032227,2.696875,5.63125,3.5781250000000004,LN,HP,LNP
3I6EY,bls,40,gamma,1.2392662397275735,23.76555089098978,2.696875,5.63125,3.5781250000000004,LN,HP,LNP
3I6EY,bls,41,gamma,0.06093679660599349,24.69695052158862,2.696875,5.63125,3.5781250000000004,LN,HP,LNP
3I6EY,bls,42,gamma,-1.7902876162526624,27.287951590745223,2.696875,5.63125,3.5781250000000004,LN,HP,LNP
3I6EY,bls,43,gamma,-4.413742059390696,31.177363000035008,2.696875,5.63125,3.5781250000000004,LN,HP,LNP
3I6EY,bls,44,gamma,-5.912401667178234,33.81855119801199,2.696875,5.63125,3.5781250000000004,LN,HP,LNP
3I6EY,bls,45,gamma,-6.047689048711263,34.32981100380724,2.696875,5.63125,3.5781250000000004,LN,HP,LNP
3I6EY,bls,46,gamma,-5.8078882716008415,33.913624760135775,2.696875,5.63125,3.5781250000000004,LN,HP,LNP
3I6EY,bls,47,gamma,-5.465377611782031,33.40883432875099,2.696875,5.63125,3.5781250000000004,LN,HP,LNP
3I6EY,bls,48,gamma,-5.264201561372445,33.37876406357914,2.696875,5.63125,3.5781250000000004,LN,HP,LNP
3I6EY,bls,49,gamma,-5.535999523755944,33.95154551369855,2.696875,5.63125,3.5781250000000004,LN,HP,LNP
3I6EY,bls,50,gamma,-5.90041928673779,34.322424164717816,2.696875,5.63125,3.5781250000000004,LN,HP,LNP
3I6EY,bls,51,gamma,-5.891898378638498,34.09615812893219,2.696875,5.63125,3.5781250000000004,LN,HP,LNP
3I6EY,bls,52,gamma,-5.3583459376643034,33.65899757927703,2.696875,5.63125,3.5781250000000004,LN,HP,LNP
3I6EY,bls,53,gamma,-3.790503323253983,33.64467178007003,2.696875,5.63125,3.5781250000000004,LN,HP,LNP
3I6EY,bls,54,gamma,-1.9510056671498788,33.96685159984217,2.696875,5.63125,3.5781250000000004,LN,HP,LNP
3I6EY,bls,55,gamma,-1.2105976029957048,33.85531082986248,2.696875,5.63125,3.5781250000000004,LN,HP,LNP
3I6EY,bls,56,gamma,-1.0865397413648203,33.15444843233763,2.696875,5.63125,3.5781250000000004,LN,HP,LNP
3I6EY,bls,57,gamma,-1.0058198368024698,32.02416856020794,2.696875,5.63125,3.5781250000000004,LN,HP,LNP
3I6EY,bls,58,gamma,-0.8154511011461949,30.773583207175246,2.696875,5.63125,3.5781250000000004,LN,HP,LNP
3I6EY,bls,59,gamma,-0.18097293461024755,8.581645307879494,2.696875,5.63125,3.5781250000000004,LN,HP,LNP
3I6EY,blf,0,gamma,-1.4555271337905822,22.49753201090404,5.415625,5.396875,3.83125,HN,HP,LNP
3I6EY,blf,1,gamma,-2.295531358003384,25.25609478081016,5.415625,5.396875,3.83125,HN,HP,LNP
3I6EY,blf,2,gamma,-2.135928802295144,28.79081286014895,5.415625,5.396875,3.83125,HN,HP,LNP
3I6EY,blf,3,gamma,-1.173600053066032,30.740399899785206,5.415625,5.396875,3.83125,HN,HP,LNP
3I6EY,blf,4,gamma,-0.532346858270845,31.59085322699286,5.415625,5.396875,3.83125,HN,HP,LNP
3I6EY,blf,5,gamma,-0.5312272339039659,31.75464369851681,5.415625,5.396875,3.83125,HN,HP,LNP
3I6EY,blf,6,gamma,-1.2385224566125288,31.417966609286506,5.415625,5.396875,3.83125,HN,HP,LNP
3I6EY,blf,7,gamma,-1.904038902905853,31.341860750683885,5.415625,5.396875,3.83125,HN,HP,LNP
3I6EY,blf,8,gamma,-1.7472034556453409,31.778831762764433,5.415625,5.396875,3.83125,HN,HP,LNP
3I6EY,blf,9,gamma,-1.6001936352565593,31.876088686732004,5.415625,5.396875,3.83125,HN,HP,LNP
3I6EY,blf,10,gamma,-1.9602311262323227,31.49287646492506,5.415625,5.396875,3.83125,HN,HP,LNP
3I6EY,blf,11,gamma,-2.76391232506262,30.68261051878538,5.415625,5.396875,3.83125,HN,HP,LNP
3I6EY,blf,12,gamma,-3.5219079329624847,30.110112431529835,5.415625,5.396875,3.83125,HN,HP,LNP
3I6EY,blf,13,gamma,-3.5745845387064463,30.722191383342818,5.415625,5.396875,3.83125,HN,HP,LNP
3I6EY,blf,14,gamma,-3.125095678411828,31.300626295329103,5.415625,5.396875,3.83125,HN,HP,LNP
3I6EY,blf,15,gamma,-2.981381750721095,31.054929511448222,5.415625,5.396875,3.83125,HN,HP,LNP
3I6EY,blf,16,gamma,-3.121116191010266,29.885532095866587,5.415625,5.396875,3.83125,HN,HP,LNP
3I6EY,blf,17,gamma,-2.5939254454892975,27.7034302767226,5.415625,5.396875,3.83125,HN,HP,LNP
3I6EY,blf,18,gamma,-1.1534336580466764,26.93944558773404,5.415625,5.396875,3.83125,HN,HP,LNP
3I6EY,blf,19,gamma,-0.3232021018507787,28.54739853830236,5.415625,5.396875,3.83125,HN,HP,LNP
3I6EY,blf,20,gamma,0.11071558075189003,29.666272796445426,5.415625,5.396875,3.83125,HN,HP,LNP
3I6EY,blf,21,gamma,0.38593011767677865,29.90765354041769,5.415625,5.396875,3.83125,HN,HP,LNP
3I6EY,blf,22,gamma,0.5218295895439127,29.614739787298067,5.415625,5.396875,3.83125,HN,HP,LNP
3I6EY,blf,23,gamma,0.5163101984487568,29.033573548425643,5.415625,5.396875,3.83125,HN,HP,LNP
3I6EY,blf,24,gamma,0.41378987304086934,28.8041004814477,5.415625,5.396875,3.83125,HN,HP,LNP
3I6EY,blf,25,gamma,0.40141623281202854,29.335588000735342,5.415625,5.396875,3.83125,HN,HP,LNP
3I6EY,blf,26,gamma,0.539735074435395,29.892366742797407,5.415625,5.396875,3.83125,HN,HP,LNP
3I6EY,blf,27,gamma,0.6807345611141358,29.913231003547086,5.415625,5.396875,3.83125,HN,HP,LNP
3I6EY,blf,28,gamma,0.7585203281653286,29.44122495192776,5.415625,5.396875,3.83125,HN,HP,LNP
3I6EY,blf,29,gamma,0.834487593415048,28.75398223118315,5.415625,5.396875,3.83125,HN,HP,LNP
3I6EY,blf,30,gamma,1.0265312493679097,28.30983561205761,5.415625,5.396875,3.83125,HN,HP,LNP
3I6EY,blf,31,gamma,1.262249059926365,28.21019699915901,5.415625,5.396875,3.83125,HN,HP,LNP
3I6EY,blf,32,gamma,1.3819535907930707,28.11937141550671,5.415625,5.396875,3.83125,HN,HP,LNP
3I6EY,blf,33,gamma,1.3974526326238497,27.888314909496017,5.415625,5.396875,3.83125,HN,HP,LNP
3I6EY,blf,34,gamma,1.402135630402583,27.432578909073474,5.415625,5.396875,3.83125,HN,HP,LNP
3I6EY,blf,35,gamma,1.5201579812900476,26.44171886792393,5.415625,5.396875,3.83125,HN,HP,LNP
3I6EY,blf,36,gamma,1.822041005766696,24.70423911630472,5.415625,5.396875,3.83125,HN,HP,LNP
3I6EY,blf,37,gamma,2.0717240026231067,23.07182356816035,5.415625,5.396875,3.83125,HN,HP,LNP
3I6EY,blf,38,gamma,2.0519236139046733,22.57140022089728,5.415625,5.396875,3.83125,HN,HP,LNP
3I6EY,blf,39,gamma,1.8901369938180892,22.990318902880805,5.415625,5.396875,3.83125,HN,HP,LNP
3I6EY,blf,40,gamma,1.826305230417784,23.508826620486445,5.415625,5.396875,3.83125,HN,HP,LNP
3I6EY,blf,41,gamma,1.9725212330578294,23.385100934806626,5.415625,5.396875,3.83125,HN,HP,LNP
3I6EY,blf,42,gamma,2.170195097915734,22.649946952692574,5.415625,5.396875,3.83125,HN,HP,LNP
3I6EY,blf,43,gamma,2.026874216195253,22.471185422079973,5.415625,5.396875,3.83125,HN,HP,LNP
3I6EY,blf,44,gamma,1.3200773232481389,23.48209398427926,5.415625,5.396875,3.83125,HN,HP,LNP
3I6EY,blf,45,gamma,0.6888261307988941,24.441685656504177,5.415625,5.396875,3.83125,HN,HP,LNP
3I6EY,blf,46,gamma,0.4299554054877177,24.76742705944324,5.415625,5.396875,3.83125,HN,HP,LNP
3I6EY,blf,47,gamma,0.3817919867921553,24.856525218498028,5.415625,5.396875,3.83125,HN,HP,LNP
3I6EY,blf,48,gamma,0.3726113986837838,25.080748697106458,5.415625,5.396875,3.83125,HN,HP,LNP
3I6EY,blf,49,gamma,0.31925909007223296,25.50801654871639,5.415625,5.396875,3.83125,HN,HP,LNP
3I6EY,blf,50,gamma,0.2467207043991344,25.827707912660316,5.415625,5.396875,3.83125,HN,HP,LNP
3I6EY,blf,51,gamma,0.22280416162612227,25.797399434978065,5.415625,5.396875,3.83125,HN,HP,LNP
3I6EY,blf,52,gamma,0.2443492152999056,25.74195943253789,5.415625,5.396875,3.83125,HN,HP,LNP
3I6EY,blf,53,gamma,0.274636113426606,26.014465886033975,5.415625,5.396875,3.83125,HN,HP,LNP
3I6EY,blf,54,gamma,0.264301491023776,26.695798489113926,5.415625,5.396875,3.83125,HN,HP,LNP
3I6EY,blf,55,gamma,0.2076571724129046,27.267937825408815,5.415625,5.396875,3.83125,HN,HP,LNP
3I6EY,blf,56,gamma,0.17086730269846484,27.05354926439849,5.415625,5.396875,3.83125,HN,HP,LNP
3I6EY,blf,57,gamma,0.17417654982780917,26.424380893919636,5.415625,5.396875,3.83125,HN,HP,LNP
3I6EY,blf,58,gamma,0.1992659364341236,26.13025695540086,5.415625,5.396875,3.83125,HN,HP,LNP
3I6EY,blf,59,gamma,0.060486286980061976,7.458625815429235,5.415625,5.396875,3.83125,HN,HP,LNP
3I6EY,ser,0,gamma,-2.8586470068286296,30.80697016466896,9.540625,1.3562500000000002,9.15625,HN,LP,HNP
3I6EY,ser,1,gamma,-2.0037054890808363,31.33527115330706,9.540625,1.3562500000000002,9.15625,HN,LP,HNP
3I6EY,ser,2,gamma,-0.985619006132243,31.811350839459134,9.540625,1.3562500000000002,9.15625,HN,LP,HNP
3I6EY,ser,3,gamma,-0.5733463092283557,32.159317715868184,9.540625,1.3562500000000002,9.15625,HN,LP,HNP
3I6EY,ser,4,gamma,-0.785834291786113,32.34184133863379,9.540625,1.3562500000000002,9.15625,HN,LP,HNP
3I6EY,ser,5,gamma,-1.4637142861110917,32.09134520988913,9.540625,1.3562500000000002,9.15625,HN,LP,HNP
3I6EY,ser,6,gamma,-1.8274651097528327,31.200534916676713,9.540625,1.3562500000000002,9.15625,HN,LP,HNP
3I6EY,ser,7,gamma,-1.2945700570583334,30.58384391700436,9.540625,1.3562500000000002,9.15625,HN,LP,HNP
3I6EY,ser,8,gamma,-0.6662741450000453,30.69079579840862,9.540625,1.3562500000000002,9.15625,HN,LP,HNP
3I6EY,ser,9,gamma,-0.4653573950463361,30.884047784878423,9.540625,1.3562500000000002,9.15625,HN,LP,HNP
3I6EY,ser,10,gamma,-0.6991677568687571,30.888497667301664,9.540625,1.3562500000000002,9.15625,HN,LP,HNP
3I6EY,ser,11,gamma,-1.1889940533497523,30.57750541592234,9.540625,1.3562500000000002,9.15625,HN,LP,HNP
3I6EY,ser,12,gamma,-1.3568204975818077,30.16118942268224,9.540625,1.3562500000000002,9.15625,HN,LP,HNP
3I6EY,ser,13,gamma,-1.034169629463019,29.829257152262468,9.540625,1.3562500000000002,9.15625,HN,LP,HNP
3I6EY,ser,14,gamma,-0.9747471468859636,29.310417495442728,9.540625,1.3562500000000002,9.15625,HN,LP,HNP
3I6EY,ser,15,gamma,-1.1850140943439236,28.493507852733053,9.540625,1.3562500000000002,9.15625,HN,LP,HNP
3I6EY,ser,16,gamma,-1.3696380241856616,27.310521819307304,9.540625,1.3562500000000002,9.15625,HN,LP,HNP
3I6EY,ser,17,gamma,-1.2880999166175613,25.520322385406708,9.540625,1.3562500000000002,9.15625,HN,LP,HNP
3I6EY,ser,18,gamma,-0.7483875872656576,22.83304417942429,9.540625,1.3562500000000002,9.15625,HN,LP,HNP
3I6EY,ser,19,gamma,-0.17844807446730115,20.297947302314835,9.540625,1.3562500000000002,9.15625,HN,LP,HNP
3I6EY,ser,20,gamma,0.0389380019848673,18.96477293703075,9.540625,1.3562500000000002,9.15625,HN,LP,HNP
3I6EY,ser,21,gamma,0.13894681346704374,18.423072319818232,9.540625,1.3562500000000002,9.15625,HN,LP,HNP
3I6EY,ser,22,gamma,0.16229856973983559,18.375062785477226,9.540625,1.3562500000000002,9.15625,HN,LP,HNP
3I6EY,ser,23,gamma,-0.5748507156836524,19.544661867647214,9.540625,1.3562500000000002,9.15625,HN,LP,HNP
3I6EY,ser,24,gamma,-2.5960660747534696,21.686342444975946,9.540625,1.3562500000000002,9.15625,HN,LP,HNP
3I6EY,ser,25,gamma,-4.155488970058688,22.782785778724563,9.540625,1.3562500000000002,9.15625,HN,LP,HNP
3I6EY,ser,26,gamma,-4.319558799901191,22.86465919430571,9.540625,1.3562500000000002,9.15625,HN,LP,HNP
3I6EY,ser,27,gamma,-3.7293073030308648,22.579807447570293,9.540625,1.3562500000000002,9.15625,HN,LP,HNP
3I6EY,ser,28,gamma,-3.1026782813858667,22.45350850761727,9.540625,1.3562500000000002,9.15625,HN,LP,HNP
3I6EY,ser,29,gamma,-3.757066485214125,23.768893303888873,9.540625,1.3562500000000002,9.15625,HN,LP,HNP
3I6EY,ser,30,gamma,-6.352062805272087,26.611602443741944,9.540625,1.3562500000000002,9.15625,HN,LP,HNP
3I6EY,ser,31,gamma,-7.4359100047591085,28.374059109361752,9.540625,1.3562500000000002,9.15625,HN,LP,HNP
3I6EY,ser,32,gamma,-4.226313971237506,28.69098667499736,9.540625,1.3562500000000002,9.15625,HN,LP,HNP
3I6EY,ser,33,gamma,0.38309719612804116,28.24133679971012,9.540625,1.3562500000000002,9.15625,HN,LP,HNP
3I6EY,ser,34,gamma,2.511796637710809,27.84747509862318,9.540625,1.3562500000000002,9.15625,HN,LP,HNP
3I6EY,ser,35,gamma,0.9725732800387306,28.420340820758707,9.540625,1.3562500000000002,9.15625,HN,LP,HNP
3I6EY,ser,36,gamma,-2.3582169692778834,29.068098309505103,9.540625,1.3562500000000002,9.15625,HN,LP,HNP
3I6EY,ser,37,gamma,-3.7354352610459607,29.07942940897282,9.540625,1.3562500000000002,9.15625,HN,LP,HNP
3I6EY,ser,38,gamma,-2.0902588508640108,28.495321467347498,9.540625,1.3562500000000002,9.15625,HN,LP,HNP
3I6EY,ser,39,gamma,0.7144015129948613,27.71035283218167,9.540625,1.3562500000000002,9.15625,HN,LP,HNP
3I6EY,ser,40,gamma,1.9114626800494605,29.615103582425327,9.540625,1.3562500000000002,9.15625,HN,LP,HNP
3I6EY,ser,41,gamma,1.0431516762315525,33.44095640998917,9.540625,1.3562500000000002,9.15625,HN,LP,HNP
3I6EY,ser,42,gamma,0.9078594246106206,34.48194323701313,9.540625,1.3562500000000002,9.15625,HN,LP,HNP
3I6EY,ser,43,gamma,1.018483900161712,34.17980841013309,9.540625,1.3562500000000002,9.15625,HN,LP,HNP
3I6EY,ser,44,gamma,1.0998247110331292,33.944544865167316,9.540625,1.3562500000000002,9.15625,HN,LP,HNP
3I6EY,ser,45,gamma,1.1658076416300958,34.1946096063644,9.540625,1.3562500000000002,9.15625,HN,LP,HNP
3I6EY,ser,46,gamma,1.248543017890647,34.96795151479736,9.540625,1.3562500000000002,9.15625,HN,LP,HNP
3I6EY,ser,47,gamma,1.1718294635396092,35.69132930138706,9.540625,1.3562500000000002,9.15625,HN,LP,HNP
3I6EY,ser,48,gamma,0.9870381971493174,35.547684251988265,9.540625,1.3562500000000002,9.15625,HN,LP,HNP
3I6EY,ser,49,gamma,0.9619439488731061,34.780103448326656,9.540625,1.3562500000000002,9.15625,HN,LP,HNP
3I6EY,ser,50,gamma,0.9964207297601533,34.38116653651029,9.540625,1.3562500000000002,9.15625,HN,LP,HNP
3I6EY,ser,51,gamma,1.055414078204997,34.69303851748658,9.540625,1.3562500000000002,9.15625,HN,LP,HNP
3I6EY,ser,52,gamma,1.1056296580168947,35.171806414802006,9.540625,1.3562500000000002,9.15625,HN,LP,HNP
3I6EY,ser,53,gamma,1.065691916661251,35.098745398374135,9.540625,1.3562500000000002,9.15625,HN,LP,HNP
3I6EY,ser,54,gamma,1.0580346104875886,34.43370770474466,9.540625,1.3562500000000002,9.15625,HN,LP,HNP
3I6EY,ser,55,gamma,1.04730471798743,33.79142679251248,9.540625,1.3562500000000002,9.15625,HN,LP,HNP
3I6EY,ser,56,gamma,0.9691722829975689,33.59665731812508,9.540625,1.3562500000000002,9.15625,HN,LP,HNP
3I6EY,ser,57,gamma,0.8933012487886032,33.637157847740816,9.540625,1.3562500000000002,9.15625,HN,LP,HNP
3I6EY,ser,58,gamma,0.8138508189983966,33.40723477197712,9.540625,1.3562500000000002,9.15625,HN,LP,HNP
3I6EY,ser,59,gamma,0.21195246022578296,9.34583343124772,9.540625,1.3562500000000002,9.15625,HN,LP,HNP
3I6EY,aem,0,gamma,-0.23013202080195683,19.579369675158915,5.434375,5.48125,8.6875,HN,HP,HNP
3I6EY,aem,1,gamma,-0.13964735430323927,19.738584936469906,5.434375,5.48125,8.6875,HN,HP,HNP
3I6EY,aem,2,gamma,-0.122391159960479,19.75332508040442,5.434375,5.48125,8.6875,HN,HP,HNP
3I6EY,aem,3,gamma,-0.15117583910658539,19.447983276518844,5.434375,5.48125,8.6875,HN,HP,HNP
3I6EY,aem,4,gamma,-0.11503193534276335,18.876915805123254,5.434375,5.48125,8.6875,HN,HP,HNP
3I6EY,aem,5,gamma,0.0021934895063999704,18.666295057351306,5.434375,5.48125,8.6875,HN,HP,HNP
3I6EY,aem,6,gamma,0.055247549016193886,18.976037764000807,5.434375,5.48125,8.6875,HN,HP,HNP
3I6EY,aem,7,gamma,-0.0015066266403103157,19.346930123869477,5.434375,5.48125,8.6875,HN,HP,HNP
3I6EY,aem,8,gamma,-0.13312861772267226,19.798330649427022,5.434375,5.48125,8.6875,HN,HP,HNP
3I6EY,aem,9,gamma,-0.3567546144009768,20.556891431494826,5.434375,5.48125,8.6875,HN,HP,HNP
3I6EY,aem,10,gamma,-0.7514254229262249,22.46772436705718,5.434375,5.48125,8.6875,HN,HP,HNP
3I6EY,aem,11,gamma,-1.8003601678675274,27.544294360648145,5.434375,5.48125,8.6875,HN,HP,HNP
3I6EY,aem,12,gamma,-5.3669658687058295,31.773284133189435,5.434375,5.48125,8.6875,HN,HP,HNP
3I6EY,aem,13,gamma,-6.065739911055989,33.03797146021474,5.434375,5.48125,8.6875,HN,HP,HNP
3I6EY,aem,14,gamma,-4.1275053669086255,33.66250406409253,5.434375,5.48125,8.6875,HN,HP,HNP
3I6EY,aem,15,gamma,-3.0027396158305457,33.596674990223995,5.434375,5.48125,8.6875,HN,HP,HNP
3I6EY,aem,16,gamma,-6.5497834984439365,35.94189659718304,5.434375,5.48125,8.6875,HN,HP,HNP
3I6EY,aem,17,gamma,-6.344004403092875,40.56340951832577,5.434375,5.48125,8.6875,HN,HP,HNP
3I6EY,aem,18,gamma,-4.102818705078718,41.80011747773335,5.434375,5.48125,8.6875,HN,HP,HNP
3I6EY,aem,19,gamma,-3.9556996860107603,41.74025428337403,5.434375,5.48125,8.6875,HN,HP,HNP
3I6EY,aem,20,gamma,-4.313033436517969,41.04115018954164,5.434375,5.48125,8.6875,HN,HP,HNP
3I6EY,aem,21,gamma,-4.635947348155433,38.96447348856167,5.434375,5.48125,8.6875,HN,HP,HNP
3I6EY,aem,22,gamma,-3.928708108250305,35.050194520742124,5.434375,5.48125,8.6875,HN,HP,HNP
3I6EY,aem,23,gamma,-2.5114542303018332,31.10803716983842,5.434375,5.48125,8.6875,HN,HP,HNP
3I6EY,aem,24,gamma,-2.1084804925111484,30.17724076113859,5.434375,5.48125,8.6875,HN,HP,HNP
3I6EY,aem,25,gamma,-2.590879687660543,31.344205222787778,5.434375,5.48125,8.6875,HN,HP,HNP
3I6EY,aem,26,gamma,-2.7186061173897755,31.30081879292592,5.434375,5.48125,8.6875,HN,HP,HNP
3I6EY,aem,27,gamma,-1.9861333644177996,28.72769330333439,5.434375,5.48125,8.6875,HN,HP,HNP
3I6EY,aem,28,gamma,-0.7889233594360121,25.492714336884312,5.434375,5.48125,8.6875,HN,HP,HNP
3I6EY,aem,29,gamma,-0.3397257926548498,24.699604038742326,5.434375,5.48125,8.6875,HN,HP,HNP
3I6EY,aem,30,gamma,-1.1060753127699634,26.968856430208376,5.434375,5.48125,8.6875,HN,HP,HNP
3I6EY,aem,31,gamma,-2.02102767359408,29.565420500656664,5.434375,5.48125,8.6875,HN,HP,HNP
3I6EY,aem,32,gamma,-1.8529480416126347,29.1746141766508,5.434375,5.48125,8.6875,HN,HP,HNP
3I6EY,aem,33,gamma,-0.642845087013793,25.97444554926191,5.434375,5.48125,8.6875,HN,HP,HNP
3I6EY,aem,34,gamma,0.6228096010537385,22.886880455922167,5.434375,5.48125,8.6875,HN,HP,HNP
3I6EY,aem,35,gamma,1.1869580768387742,21.491645890685753,5.434375,5.48125,8.6875,HN,HP,HNP
3I6EY,aem,36,gamma,1.1491582467679073,21.271184472437042,5.434375,5.48125,8.6875,HN,HP,HNP
3I6EY,aem,37,gamma,1.2718484194865987,20.422333471465173,5.434375,5.48125,8.6875,HN,HP,HNP
3I6EY,aem,38,gamma,1.9058948621162486,18.27326007488656,5.434375,5.48125,8.6875,HN,HP,HNP
3I6EY,aem,39,gamma,2.3453289473444165,16.869633779261285,5.434375,5.48125,8.6875,HN,HP,HNP
3I6EY,aem,40,gamma,2.073656337127911,17.181974620730422,5.434375,5.48125,8.6875,HN,HP,HNP
3I6EY,aem,41,gamma,1.029347674439073,18.679598582917926,5.434375,5.48125,8.6875,HN,HP,HNP
3I6EY,aem,42,gamma,-0.1730838635659424,20.92234184744716,5.434375,5.48125,8.6875,HN,HP,HNP
3I6EY,aem,43,gamma,0.9288608895868968,22.902917221472848,5.434375,5.48125,8.6875,HN,HP,HNP
3I6EY,aem,44,gamma,3.7089080999373003,23.238573403199258,5.434375,5.48125,8.6875,HN,HP,HNP
3I6EY,aem,45,gamma,3.023011958370674,23.382218401486767,5.434375,5.48125,8.6875,HN,HP,HNP
3I6EY,aem,46,gamma,0.04014748707126259,24.36791771469973,5.434375,5.48125,8.6875,HN,HP,HNP
3I6EY,aem,47,gamma,-2.9785023183349324,25.309743804441382,5.434375,5.48125,8.6875,HN,HP,HNP
3I6EY,aem,48,gamma,-5.028079727845011,25.92817216446018,5.434375,5.48125,8.6875,HN,HP,HNP
3I6EY,aem,49,gamma,-4.810799274077432,26.125550401167974,5.434375,5.48125,8.6875,HN,HP,HNP
3I6EY,aem,50,gamma,0.3812330453432473,24.842367898780928,5.434375,5.48125,8.6875,HN,HP,HNP
3I6EY,aem,51,gamma,5.598070796058945,21.85029541841387,5.434375,5.48125,8.6875,HN,HP,HNP
3I6EY,aem,52,gamma,3.743478157722169,21.8859954680999,5.434375,5.48125,8.6875,HN,HP,HNP
3I6EY,aem,53,gamma,2.0892084310003085,22.77806930033124,5.434375,5.48125,8.6875,HN,HP,HNP
3I6EY,aem,54,gamma,1.4640769778013087,23.249658167990816,5.434375,5.48125,8.6875,HN,HP,HNP
3I6EY,aem,55,gamma,1.3015407021633543,23.27981843875777,5.434375,5.48125,8.6875,HN,HP,HNP
3I6EY,aem,56,gamma,1.618067198979361,22.766436670544437,5.434375,5.48125,8.6875,HN,HP,HNP
3I6EY,aem,57,gamma,2.212231671486098,22.14350585069473,5.434375,5.48125,8.6875,HN,HP,HNP
3I6EY,aem,58,gamma,2.118457394093614,22.441709452593106,5.434375,5.48125,8.6875,HN,HP,HNP
3I6EY,aem,59,gamma,0.506209289437975,6.506194167528369,5.434375,5.48125,8.6875,HN,HP,HNP
3I6EY,mcm,0,gamma,0.738796027829963,31.645055056151293,1.0937500000000002,9.86875,1.16875,LN,HP,LNP
3I6EY,mcm,1,gamma,0.7598686392498486,31.457088059619373,1.0937500000000002,9.86875,1.16875,LN,HP,LNP
3I6EY,mcm,2,gamma,0.605771827649022,31.218008100891687,1.0937500000000002,9.86875,1.16875,LN,HP,LNP
3I6EY,mcm,3,gamma,0.3284013141558546,31.941688909078863,1.0937500000000002,9.86875,1.16875,LN,HP,LNP
3I6EY,mcm,4,gamma,0.20301428999845683,33.50695011760402,1.0937500000000002,9.86875,1.16875,LN,HP,LNP
3I6EY,mcm,5,gamma,0.29024488716244434,33.95591924624597,1.0937500000000002,9.86875,1.16875,LN,HP,LNP
3I6EY,mcm,6,gamma,0.38340610459301416,32.96368247751688,1.0937500000000002,9.86875,1.16875,LN,HP,LNP
3I6EY,mcm,7,gamma,0.3854123556547435,31.54573773406997,1.0937500000000002,9.86875,1.16875,LN,HP,LNP
3I6EY,mcm,8,gamma,0.32587690140974246,30.722159417522413,1.0937500000000002,9.86875,1.16875,LN,HP,LNP
3I6EY,mcm,9,gamma,0.37326290926250394,31.260759189294518,1.0937500000000002,9.86875,1.16875,LN,HP,LNP
3I6EY,mcm,10,gamma,0.627652618924003,32.10342047505448,1.0937500000000002,9.86875,1.16875,LN,HP,LNP
3I6EY,mcm,11,gamma,0.8864047659388845,31.69026415383763,1.0937500000000002,9.86875,1.16875,LN,HP,LNP
3I6EY,mcm,12,gamma,0.9993510668597771,30.411885173827592,1.0937500000000002,9.86875,1.16875,LN,HP,LNP
3I6EY,mcm,13,gamma,0.9730785357759366,28.9673956034397,1.0937500000000002,9.86875,1.16875,LN,HP,LNP
3I6EY,mcm,14,gamma,0.8381584435271066,27.76191654941048,1.0937500000000002,9.86875,1.16875,LN,HP,LNP
3I6EY,mcm,15,gamma,0.7113742070822724,26.93486977755351,1.0937500000000002,9.86875,1.16875,LN,HP,LNP
3I6EY,mcm,16,gamma,0.7825358457236078,25.964036999961866,1.0937500000000002,9.86875,1.16875,LN,HP,LNP
3I6EY,mcm,17,gamma,0.9071979022480363,24.72324730024015,1.0937500000000002,9.86875,1.16875,LN,HP,LNP
3I6EY,mcm,18,gamma,0.9036047269821061,23.77936838194001,1.0937500000000002,9.86875,1.16875,LN,HP,LNP
3I6EY,mcm,19,gamma,0.7993679565352245,23.112604958482017,1.0937500000000002,9.86875,1.16875,LN,HP,LNP
3I6EY,mcm,20,gamma,0.6962119400037743,22.589225343201683,1.0937500000000002,9.86875,1.16875,LN,HP,LNP
3I6EY,mcm,21,gamma,0.8545286775931196,22.248699193938336,1.0937500000000002,9.86875,1.16875,LN,HP,LNP
3I6EY,mcm,22,gamma,1.2148916356196047,22.146410822343277,1.0937500000000002,9.86875,1.16875,LN,HP,LNP
3I6EY,mcm,23,gamma,1.3139969447071707,22.205235789226638,1.0937500000000002,9.86875,1.16875,LN,HP,LNP
3I6EY,mcm,24,gamma,1.0929234543566828,22.40063020009758,1.0937500000000002,9.86875,1.16875,LN,HP,LNP
3I6EY,mcm,25,gamma,0.561223934367483,22.848363745116938,1.0937500000000002,9.86875,1.16875,LN,HP,LNP
3I6EY,mcm,26,gamma,-0.26094624162885083,23.504431345578553,1.0937500000000002,9.86875,1.16875,LN,HP,LNP
3I6EY,mcm,27,gamma,-0.8749550978155867,23.529728058131532,1.0937500000000002,9.86875,1.16875,LN,HP,LNP
3I6EY,mcm,28,gamma,-0.5410632143259164,21.96684935270484,1.0937500000000002,9.86875,1.16875,LN,HP,LNP
3I6EY,mcm,29,gamma,-0.015452130067380665,20.99908763921652,1.0937500000000002,9.86875,1.16875,LN,HP,LNP
3I6EY,mcm,30,gamma,-0.027107197634492763,22.392496749732,1.0937500000000002,9.86875,1.16875,LN,HP,LNP
3I6EY,mcm,31,gamma,-0.24991658122616656,24.53639217184802,1.0937500000000002,9.86875,1.16875,LN,HP,LNP
3I6EY,mcm,32,gamma,-0.3432152437586993,25.776724790343017,1.0937500000000002,9.86875,1.16875,LN,HP,LNP
3I6EY,mcm,33,gamma,-0.1866358149142613,25.402918150616415,1.0937500000000002,9.86875,1.16875,LN,HP,LNP
3I6EY,mcm,34,gamma,0.0761701079941659,23.645046983781604,1.0937500000000002,9.86875,1.16875,LN,HP,LNP
3I6EY,mcm,35,gamma,0.02149319297096497,22.90817934384438,1.0937500000000002,9.86875,1.16875,LN,HP,LNP
3I6EY,mcm,36,gamma,-0.2527420844775783,24.27394100504403,1.0937500000000002,9.86875,1.16875,LN,HP,LNP
3I6EY,mcm,37,gamma,-0.3840987296287146,25.71391159045958,1.0937500000000002,9.86875,1.16875,LN,HP,LNP
3I6EY,mcm,38,gamma,-0.2792600130001439,25.859238658499095,1.0937500000000002,9.86875,1.16875,LN,HP,LNP
3I6EY,mcm,39,gamma,0.1335536043923824,24.255261139878296,1.0937500000000002,9.86875,1.16875,LN,HP,LNP
3I6EY,mcm,40,gamma,0.7985394894878404,21.910776860587482,1.0937500000000002,9.86875,1.16875,LN,HP,LNP
3I6EY,mcm,41,gamma,1.4799740238214234,21.780369162527315,1.0937500000000002,9.86875,1.16875,LN,HP,LNP
3I6EY,mcm,42,gamma,2.196478408736567,24.245562973376558,1.0937500000000002,9.86875,1.16875,LN,HP,LNP
3I6EY,mcm,43,gamma,2.8788499653086213,27.005772853008782,1.0937500000000002,9.86875,1.16875,LN,HP,LNP
3I6EY,mcm,44,gamma,3.329750952261268,29.04231353728164,1.0937500000000002,9.86875,1.16875,LN,HP,LNP
3I6EY,mcm,45,gamma,3.4101882515178374,30.050114376253738,1.0937500000000002,9.86875,1.16875,LN,HP,LNP
3I6EY,mcm,46,gamma,3.1829000556245575,29.96132138156444,1.0937500000000002,9.86875,1.16875,LN,HP,LNP
3I6EY,mcm,47,gamma,2.429766639475332,28.53990990533793,1.0937500000000002,9.86875,1.16875,LN,HP,LNP
3I6EY,mcm,48,gamma,1.5486669950883645,19.082523449480462,1.0937500000000002,9.86875,1.16875,LN,HP,LNP
3I6EY,mcm,49,gamma,-1.5010108281166836,10.08964890899897,1.0937500000000002,9.86875,1.16875,LN,HP,LNP
3I6EY,mcm,50,gamma,-1.266771902308406,30.447927138855242,1.0937500000000002,9.86875,1.16875,LN,HP,LNP
3I6EY,mcm,51,gamma,-0.12723705348867043,34.11090485548361,1.0937500000000002,9.86875,1.16875,LN,HP,LNP
3I6EY,mcm,52,gamma,0.7912306181336533,33.7528090019676,1.0937500000000002,9.86875,1.16875,LN,HP,LNP
3I6EY,mcm,53,gamma,0.9047706441279999,33.6825252832426,1.0937500000000002,9.86875,1.16875,LN,HP,LNP
3I6EY,mcm,54,gamma,-0.07807846118016926,33.9672349701039,1.0937500000000002,9.86875,1.16875,LN,HP,LNP
3I6EY,mcm,55,gamma,-0.807292493564411,34.180027174608114,1.0937500000000002,9.86875,1.16875,LN,HP,LNP
3I6EY,mcm,56,gamma,-0.17805182475266434,34.040079211197245,1.0937500000000002,9.86875,1.16875,LN,HP,LNP
3I6EY,mcm,57,gamma,1.3559006771989814,33.692310170671774,1.0937500000000002,9.86875,1.16875,LN,HP,LNP
3I6EY,mcm,58,gamma,2.4738166792892464,33.46741618024953,1.0937500000000002,9.86875,1.16875,LN,HP,LNP
3I6EY,mcm,59,gamma,0.7371723058593407,9.532680162253431,1.0937500000000002,9.86875,1.16875,LN,HP,LNP
3I6EY,cah,0,gamma,1.2321567671364946,27.748852273455725,8.06875,3.128125,3.2875,HN,LP,LNP
3I6EY,cah,1,gamma,1.5849023086697294,27.134340389829852,8.06875,3.128125,3.2875,HN,LP,LNP
3I6EY,cah,2,gamma,2.2913345015666167,25.501900993831285,8.06875,3.128125,3.2875,HN,LP,LNP
3I6EY,cah,3,gamma,2.9560309874520954,22.18975141265468,8.06875,3.128125,3.2875,HN,LP,LNP
3I6EY,cah,4,gamma,3.1894321296994548,19.51919363821195,8.06875,3.128125,3.2875,HN,LP,LNP
3I6EY,cah,5,gamma,3.5249627957959326,18.968619839085044,8.06875,3.128125,3.2875,HN,LP,LNP
3I6EY,cah,6,gamma,4.168405403751361,19.227873298139755,8.06875,3.128125,3.2875,HN,LP,LNP
3I6EY,cah,7,gamma,4.415767476483879,19.60086177182603,8.06875,3.128125,3.2875,HN,LP,LNP
3I6EY,cah,8,gamma,3.1688173347425455,19.76384908254569,8.06875,3.128125,3.2875,HN,LP,LNP
3I6EY,cah,9,gamma,0.6474493371764112,19.288886801246534,8.06875,3.128125,3.2875,HN,LP,LNP
3I6EY,cah,10,gamma,-1.207276078049894,18.774526443426463,8.06875,3.128125,3.2875,HN,LP,LNP
3I6EY,cah,11,gamma,-1.6681837832741984,18.85460579975406,8.06875,3.128125,3.2875,HN,LP,LNP
3I6EY,cah,12,gamma,-1.451167343248283,18.813799726753224,8.06875,3.128125,3.2875,HN,LP,LNP
3I6EY,cah,13,gamma,-1.082584265605437,18.379976955166462,8.06875,3.128125,3.2875,HN,LP,LNP
3I6EY,cah,14,gamma,-0.3472617401777569,17.499228121903773,8.06875,3.128125,3.2875,HN,LP,LNP
3I6EY,cah,15,gamma,0.9753807098120681,15.800286946779565,8.06875,3.128125,3.2875,HN,LP,LNP
3I6EY,cah,16,gamma,4.743430793341826,10.993474176411867,8.06875,3.128125,3.2875,HN,LP,LNP
3I6EY,cah,17,gamma,13.625693399426972,19.145561652060074,8.06875,3.128125,3.2875,HN,LP,LNP
3I6EY,cah,18,gamma,15.056175716622072,22.155289346548884,8.06875,3.128125,3.2875,HN,LP,LNP
3I6EY,cah,19,gamma,12.549905826979177,23.388327788036293,8.06875,3.128125,3.2875,HN,LP,LNP
3I6EY,cah,20,gamma,5.849276126491592,28.10069274622488,8.06875,3.128125,3.2875,HN,LP,LNP
3I6EY,cah,21,gamma,2.275196711274404,32.136049220462816,8.06875,3.128125,3.2875,HN,LP,LNP
3I6EY,cah,22,gamma,1.2285411708727096,33.83246598761339,8.06875,3.128125,3.2875,HN,LP,LNP
3I6EY,cah,23,gamma,0.9754369836833447,34.28190787483064,8.06875,3.128125,3.2875,HN,LP,LNP
3I6EY,cah,24,gamma,1.068472657275116,34.05437313042975,8.06875,3.128125,3.2875,HN,LP,LNP
3I6EY,cah,25,gamma,1.4166683189242093,33.33030155680482,8.06875,3.128125,3.2875,HN,LP,LNP
3I6EY,cah,26,gamma,1.881603197844882,32.40970012777682,8.06875,3.128125,3.2875,HN,LP,LNP
3I6EY,cah,27,gamma,1.8528340262110063,32.40459279321463,8.06875,3.128125,3.2875,HN,LP,LNP
3I6EY,cah,28,gamma,1.3118180422439565,33.45805014513938,8.06875,3.128125,3.2875,HN,LP,LNP
3I6EY,cah,29,gamma,1.0767961202127836,33.996930479663305,8.06875,3.128125,3.2875,HN,LP,LNP
3I6EY,cah,30,gamma,1.2525747214070009,33.6325201440404,8.06875,3.128125,3.2875,HN,LP,LNP
3I6EY,cah,31,gamma,1.6598800014649058,32.70293826365411,8.06875,3.128125,3.2875,HN,LP,LNP
3I6EY,cah,32,gamma,1.80056543831396,32.12821455234085,8.06875,3.128125,3.2875,HN,LP,LNP
3I6EY,cah,33,gamma,1.299313686731331,32.86756371991623,8.06875,3.128125,3.2875,HN,LP,LNP
3I6EY,cah,34,gamma,0.9042259195769304,33.759142816060994,8.06875,3.128125,3.2875,HN,LP,LNP
3I6EY,cah,35,gamma,0.9149965750907114,33.871425107972506,8.06875,3.128125,3.2875,HN,LP,LNP
3I6EY,cah,36,gamma,1.176739902416628,33.32535759353203,8.06875,3.128125,3.2875,HN,LP,LNP
3I6EY,cah,37,gamma,1.5615541578254266,32.20265198317805,8.06875,3.128125,3.2875,HN,LP,LNP
3I6EY,cah,38,gamma,1.7185953422054467,30.28975524841158,8.06875,3.128125,3.2875,HN,LP,LNP
3I6EY,cah,39,gamma,0.07359478846414902,27.47215131185681,8.06875,3.128125,3.2875,HN,LP,LNP
3I6EY,cah,40,gamma,-3.5876493472571838,25.510914881958087,8.06875,3.128125,3.2875,HN,LP,LNP
3I6EY,cah,41,gamma,-10.256549911466703,27.056457382847945,8.06875,3.128125,3.2875,HN,LP,LNP
3I6EY,cah,42,gamma,-14.793883130787226,29.025006424492513,8.06875,3.128125,3.2875,HN,LP,LNP
3I6EY,cah,43,gamma,-14.934784518458663,29.3421055425483,8.06875,3.128125,3.2875,HN,LP,LNP
3I6EY,cah,44,gamma,-14.957116166791895,29.276772837754063,8.06875,3.128125,3.2875,HN,LP,LNP
3I6EY,cah,45,gamma,-15.041690044956656,29.112772268710046,8.06875,3.128125,3.2875,HN,LP,LNP
3I6EY,cah,46,gamma,-15.154089290220398,28.908572348795197,8.06875,3.128125,3.2875,HN,LP,LNP
3I6EY,cah,47,gamma,-15.32228926251188,28.611803421466067,8.06875,3.128125,3.2875,HN,LP,LNP
3I6EY,cah,48,gamma,-15.657066597657693,28.02945486010761,8.06875,3.128125,3.2875,HN,LP,LNP
3I6EY,cah,49,gamma,-14.394104536891945,24.611988942488438,8.06875,3.128125,3.2875,HN,LP,LNP
3I6EY,cah,50,gamma,7.402567398044935,12.592144457095571,8.06875,3.128125,3.2875,HN,LP,LNP
3I6EY,cah,51,gamma,12.525604031249818,13.055789216707108,8.06875,3.128125,3.2875,HN,LP,LNP
3I6EY,cah,52,gamma,11.717695963211868,13.218692937433092,8.06875,3.128125,3.2875,HN,LP,LNP
3I6EY,cah,53,gamma,10.542867047098841,13.761572668404884,8.06875,3.128125,3.2875,HN,LP,LNP
3I6EY,cah,54,gamma,8.395912846548407,15.086101943763278,8.06875,3.128125,3.2875,HN,LP,LNP
3I6EY,cah,55,gamma,4.230067941181286,17.755320857782944,8.06875,3.128125,3.2875,HN,LP,LNP
3I6EY,cah,56,gamma,-2.882780470317819,21.530086770781484,8.06875,3.128125,3.2875,HN,LP,LNP
3I6EY,cah,57,gamma,-9.023191723420585,23.848472488924074,8.06875,3.128125,3.2875,HN,LP,LNP
3I6EY,cah,58,gamma,-11.58789258735073,24.360281123170232,8.06875,3.128125,3.2875,HN,LP,LNP
3I6EY,cah,59,gamma,-3.480970226936579,6.9177414780095585,8.06875,3.128125,3.2875,HN,LP,LNP
3I6EY,tsd,0,gamma,2.364035877013926,24.642445565843786,5.715624999999999,5.359375,3.175,HN,HP,LNP
3I6EY,tsd,1,gamma,2.1582172680698974,24.652339090427983,5.715624999999999,5.359375,3.175,HN,HP,LNP
3I6EY,tsd,2,gamma,1.9091508713886185,24.6164041396558,5.715624999999999,5.359375,3.175,HN,HP,LNP
3I6EY,tsd,3,gamma,1.747939127321068,24.74163542213103,5.715624999999999,5.359375,3.175,HN,HP,LNP
3I6EY,tsd,4,gamma,1.9494846666237748,25.067702046259516,5.715624999999999,5.359375,3.175,HN,HP,LNP
3I6EY,tsd,5,gamma,2.3871172871182615,25.18908506362689,5.715624999999999,5.359375,3.175,HN,HP,LNP
3I6EY,tsd,6,gamma,2.585162091229904,25.104712286270924,5.715624999999999,5.359375,3.175,HN,HP,LNP
3I6EY,tsd,7,gamma,2.528143382000401,25.052847809248107,5.715624999999999,5.359375,3.175,HN,HP,LNP
3I6EY,tsd,8,gamma,2.257166846280942,25.11771351382065,5.715624999999999,5.359375,3.175,HN,HP,LNP
3I6EY,tsd,9,gamma,1.6887543034840071,25.40019421612933,5.715624999999999,5.359375,3.175,HN,HP,LNP
3I6EY,tsd,10,gamma,1.1847477391643473,25.703663191523987,5.715624999999999,5.359375,3.175,HN,HP,LNP
3I6EY,tsd,11,gamma,1.2610413319399072,25.71213840275715,5.715624999999999,5.359375,3.175,HN,HP,LNP
3I6EY,tsd,12,gamma,1.552360209915971,25.680230457803376,5.715624999999999,5.359375,3.175,HN,HP,LNP
3I6EY,tsd,13,gamma,1.645278509909133,25.78463796701788,5.715624999999999,5.359375,3.175,HN,HP,LNP
3I6EY,tsd,14,gamma,1.243581101552472,26.072790853520985,5.715624999999999,5.359375,3.175,HN,HP,LNP
3I6EY,tsd,15,gamma,0.1584826675718034,26.51218783994157,5.715624999999999,5.359375,3.175,HN,HP,LNP
3I6EY,tsd,16,gamma,-0.9100211128963167,26.606820377991934,5.715624999999999,5.359375,3.175,HN,HP,LNP
3I6EY,tsd,17,gamma,-0.04911478074062359,26.339344009819985,5.715624999999999,5.359375,3.175,HN,HP,LNP
3I6EY,tsd,18,gamma,2.2279050859254745,26.32288128653961,5.715624999999999,5.359375,3.175,HN,HP,LNP
3I6EY,tsd,19,gamma,3.1282688188976735,26.505528726138273,5.715624999999999,5.359375,3.175,HN,HP,LNP
3I6EY,tsd,20,gamma,1.9294547401063973,26.338559249799687,5.715624999999999,5.359375,3.175,HN,HP,LNP
3I6EY,tsd,21,gamma,0.31328721395051673,25.931441272302592,5.715624999999999,5.359375,3.175,HN,HP,LNP
3I6EY,tsd,22,gamma,0.017278249084082375,25.982567453645654,5.715624999999999,5.359375,3.175,HN,HP,LNP
3I6EY,tsd,23,gamma,0.5132774792987149,27.119568731171096,5.715624999999999,5.359375,3.175,HN,HP,LNP
3I6EY,tsd,24,gamma,0.9039462577027919,28.904225001084413,5.715624999999999,5.359375,3.175,HN,HP,LNP
3I6EY,tsd,25,gamma,1.1098174827761902,30.648614716907566,5.715624999999999,5.359375,3.175,HN,HP,LNP
3I6EY,tsd,26,gamma,1.2356182710103738,31.905028439430026,5.715624999999999,5.359375,3.175,HN,HP,LNP
3I6EY,tsd,27,gamma,1.362303350939385,32.00844007543412,5.715624999999999,5.359375,3.175,HN,HP,LNP
3I6EY,tsd,28,gamma,1.4679306611845533,30.49918536600728,5.715624999999999,5.359375,3.175,HN,HP,LNP
3I6EY,tsd,29,gamma,1.4908018805561873,29.268411836034186,5.715624999999999,5.359375,3.175,HN,HP,LNP
3I6EY,tsd,30,gamma,1.5198371687113408,29.80734661642027,5.715624999999999,5.359375,3.175,HN,HP,LNP
3I6EY,tsd,31,gamma,1.573683168976455,30.998766345014452,5.715624999999999,5.359375,3.175,HN,HP,LNP
3I6EY,tsd,32,gamma,1.6086305366791365,31.613559964178663,5.715624999999999,5.359375,3.175,HN,HP,LNP
3I6EY,tsd,33,gamma,1.5293964896796908,30.90559617127067,5.715624999999999,5.359375,3.175,HN,HP,LNP
3I6EY,tsd,34,gamma,1.2709126885901192,29.59864271089355,5.715624999999999,5.359375,3.175,HN,HP,LNP
3I6EY,tsd,35,gamma,1.0434268608510529,29.248200520130737,5.715624999999999,5.359375,3.175,HN,HP,LNP
3I6EY,tsd,36,gamma,0.9528609182977981,29.76076152313859,5.715624999999999,5.359375,3.175,HN,HP,LNP
3I6EY,tsd,37,gamma,0.9446406739008353,30.375723100024647,5.715624999999999,5.359375,3.175,HN,HP,LNP
3I6EY,tsd,38,gamma,0.9682170359584674,30.65117804966453,5.715624999999999,5.359375,3.175,HN,HP,LNP
3I6EY,tsd,39,gamma,0.932217529481207,30.106437698226312,5.715624999999999,5.359375,3.175,HN,HP,LNP
3I6EY,tsd,40,gamma,0.6885354929298302,28.311501787927995,5.715624999999999,5.359375,3.175,HN,HP,LNP
3I6EY,tsd,41,gamma,0.2575194770715399,26.182665871613978,5.715624999999999,5.359375,3.175,HN,HP,LNP
3I6EY,tsd,42,gamma,-0.06983373381235225,25.25436847816745,5.715624999999999,5.359375,3.175,HN,HP,LNP
3I6EY,tsd,43,gamma,-0.2878484554914209,25.778589193182132,5.715624999999999,5.359375,3.175,HN,HP,LNP
3I6EY,tsd,44,gamma,-0.6220732088748377,27.331431167171523,5.715624999999999,5.359375,3.175,HN,HP,LNP
3I6EY,tsd,45,gamma,-1.1268082448322723,28.757216292115224,5.715624999999999,5.359375,3.175,HN,HP,LNP
3I6EY,tsd,46,gamma,-1.612763991542419,28.902236548445572,5.715624999999999,5.359375,3.175,HN,HP,LNP
3I6EY,tsd,47,gamma,-1.9058555901174685,27.95469010332571,5.715624999999999,5.359375,3.175,HN,HP,LNP
3I6EY,tsd,48,gamma,-2.0508168772602495,27.117456675440422,5.715624999999999,5.359375,3.175,HN,HP,LNP
3I6EY,tsd,49,gamma,-2.3127556917960703,27.39026267937845,5.715624999999999,5.359375,3.175,HN,HP,LNP
3I6EY,tsd,50,gamma,-3.016118238014233,29.042737312032862,5.715624999999999,5.359375,3.175,HN,HP,LNP
3I6EY,tsd,51,gamma,-4.371483074566822,31.49639106356784,5.715624999999999,5.359375,3.175,HN,HP,LNP
3I6EY,tsd,52,gamma,-6.219103449863365,33.446567723064135,5.715624999999999,5.359375,3.175,HN,HP,LNP
3I6EY,tsd,53,gamma,-7.839248173251843,34.13827425747229,5.715624999999999,5.359375,3.175,HN,HP,LNP
3I6EY,tsd,54,gamma,-8.175162627615823,33.87016734109005,5.715624999999999,5.359375,3.175,HN,HP,LNP
3I6EY,tsd,55,gamma,-7.273766433609854,33.48091384418277,5.715624999999999,5.359375,3.175,HN,HP,LNP
3I6EY,tsd,56,gamma,-6.21426539444591,33.02215288898445,5.715624999999999,5.359375,3.175,HN,HP,LNP
3I6EY,tsd,57,gamma,-5.334256601184126,31.796149303042256,5.715624999999999,5.359375,3.175,HN,HP,LNP
3I6EY,tsd,58,gamma,-4.390920110269839,29.65133844694664,5.715624999999999,5.359375,3.175,HN,HP,LNP
3I6EY,tsd,59,gamma,-1.0711220218335082,8.008841795746397,5.715624999999999,5.359375,3.175,HN,HP,LNP
3I6EY,mar,0,gamma,-2.7238568284703852,22.748726460823676,2.209375,8.040624999999999,1.88125,LN,HP,LNP
3I6EY,mar,1,gamma,-1.8837788365369903,26.14194991997369,2.209375,8.040624999999999,1.88125,LN,HP,LNP
3I6EY,mar,2,gamma,-2.1489744430517774,30.803144991043485,2.209375,8.040624999999999,1.88125,LN,HP,LNP
3I6EY,mar,3,gamma,-2.2509827356574874,32.43338288655424,2.209375,8.040624999999999,1.88125,LN,HP,LNP
3I6EY,mar,4,gamma,-2.383535499547193,32.49016436731982,2.209375,8.040624999999999,1.88125,LN,HP,LNP
3I6EY,mar,5,gamma,-2.6128825878587527,31.84174660983672,2.209375,8.040624999999999,1.88125,LN,HP,LNP
3I6EY,mar,6,gamma,-2.564810763706756,31.40596175354515,2.209375,8.040624999999999,1.88125,LN,HP,LNP
3I6EY,mar,7,gamma,-2.2375800951891947,32.28639794085736,2.209375,8.040624999999999,1.88125,LN,HP,LNP
3I6EY,mar,8,gamma,-2.0049923206834137,33.264965683284274,2.209375,8.040624999999999,1.88125,LN,HP,LNP
3I6EY,mar,9,gamma,-2.0474374538721882,33.667488214191,2.209375,8.040624999999999,1.88125,LN,HP,LNP
3I6EY,mar,10,gamma,-2.3215433498876052,33.556077658454846,2.209375,8.040624999999999,1.88125,LN,HP,LNP
3I6EY,mar,11,gamma,-2.3832289093263412,33.028897384086214,2.209375,8.040624999999999,1.88125,LN,HP,LNP
3I6EY,mar,12,gamma,-1.117720706182947,31.951147843713862,2.209375,8.040624999999999,1.88125,LN,HP,LNP
3I6EY,mar,13,gamma,0.7835932711955813,30.79717937281868,2.209375,8.040624999999999,1.88125,LN,HP,LNP
3I6EY,mar,14,gamma,2.1605685047411853,29.89908438386233,2.209375,8.040624999999999,1.88125,LN,HP,LNP
3I6EY,mar,15,gamma,3.119742995205545,29.164378859365435,2.209375,8.040624999999999,1.88125,LN,HP,LNP
3I6EY,mar,16,gamma,3.8977191853094872,28.509106849696597,2.209375,8.040624999999999,1.88125,LN,HP,LNP
3I6EY,mar,17,gamma,4.7363597084678055,27.74341230166081,2.209375,8.040624999999999,1.88125,LN,HP,LNP
3I6EY,mar,18,gamma,5.589178299321642,27.0065502981671,2.209375,8.040624999999999,1.88125,LN,HP,LNP
3I6EY,mar,19,gamma,5.615477207333139,27.078337378376,2.209375,8.040624999999999,1.88125,LN,HP,LNP
3I6EY,mar,20,gamma,5.1650843801845525,27.428573034705252,2.209375,8.040624999999999,1.88125,LN,HP,LNP
3I6EY,mar,21,gamma,4.866526361264789,27.477228653600665,2.209375,8.040624999999999,1.88125,LN,HP,LNP
3I6EY,mar,22,gamma,4.681484532602283,27.23985903542315,2.209375,8.040624999999999,1.88125,LN,HP,LNP
3I6EY,mar,23,gamma,4.594104386829343,26.80996737573431,2.209375,8.040624999999999,1.88125,LN,HP,LNP
3I6EY,mar,24,gamma,4.723154932430749,26.766200302418643,2.209375,8.040624999999999,1.88125,LN,HP,LNP
3I6EY,mar,25,gamma,4.88186434160809,27.23538077071248,2.209375,8.040624999999999,1.88125,LN,HP,LNP
3I6EY,mar,26,gamma,4.8520015646210055,27.47417185259959,2.209375,8.040624999999999,1.88125,LN,HP,LNP
3I6EY,mar,27,gamma,4.726473665170371,27.366602394245184,2.209375,8.040624999999999,1.88125,LN,HP,LNP
3I6EY,mar,28,gamma,4.554229648045354,26.966963184346724,2.209375,8.040624999999999,1.88125,LN,HP,LNP
3I6EY,mar,29,gamma,4.2265906891183285,26.288590152603042,2.209375,8.040624999999999,1.88125,LN,HP,LNP
3I6EY,mar,30,gamma,3.183162397995954,26.065068544251144,2.209375,8.040624999999999,1.88125,LN,HP,LNP
3I6EY,mar,31,gamma,1.1410707259137212,27.738555558084016,2.209375,8.040624999999999,1.88125,LN,HP,LNP
3I6EY,mar,32,gamma,0.24464099559900632,28.041949499887167,2.209375,8.040624999999999,1.88125,LN,HP,LNP
3I6EY,mar,33,gamma,0.0487607381215156,27.009520942805636,2.209375,8.040624999999999,1.88125,LN,HP,LNP
3I6EY,mar,34,gamma,-0.3380703390139388,26.874123630298183,2.209375,8.040624999999999,1.88125,LN,HP,LNP
3I6EY,mar,35,gamma,-0.8392841880147444,28.872219645510746,2.209375,8.040624999999999,1.88125,LN,HP,LNP
3I6EY,mar,36,gamma,-1.112172162435936,30.390427122137282,2.209375,8.040624999999999,1.88125,LN,HP,LNP
3I6EY,mar,37,gamma,-1.000766397305032,30.28143099039619,2.209375,8.040624999999999,1.88125,LN,HP,LNP
3I6EY,mar,38,gamma,-0.5077366576359594,29.278120195895056,2.209375,8.040624999999999,1.88125,LN,HP,LNP
3I6EY,mar,39,gamma,0.3257298655666432,27.80483694948831,2.209375,8.040624999999999,1.88125,LN,HP,LNP
3I6EY,mar,40,gamma,1.3223773116050026,26.519124199337625,2.209375,8.040624999999999,1.88125,LN,HP,LNP
3I6EY,mar,41,gamma,1.8333440440542965,26.510423972536046,2.209375,8.040624999999999,1.88125,LN,HP,LNP
3I6EY,mar,42,gamma,1.4621033479359973,27.590676624738936,2.209375,8.040624999999999,1.88125,LN,HP,LNP
3I6EY,mar,43,gamma,0.9522325145048498,28.219971436611818,2.209375,8.040624999999999,1.88125,LN,HP,LNP
3I6EY,mar,44,gamma,1.0356370082900384,27.728597115769496,2.209375,8.040624999999999,1.88125,LN,HP,LNP
3I6EY,mar,45,gamma,1.7583662900259966,26.503112064341124,2.209375,8.040624999999999,1.88125,LN,HP,LNP
3I6EY,mar,46,gamma,2.48522324197274,25.84278708991186,2.209375,8.040624999999999,1.88125,LN,HP,LNP
3I6EY,mar,47,gamma,2.347545970147433,26.598826436336005,2.209375,8.040624999999999,1.88125,LN,HP,LNP
3I6EY,mar,48,gamma,1.6255285023164312,27.642158621080462,2.209375,8.040624999999999,1.88125,LN,HP,LNP
3I6EY,mar,49,gamma,1.2667890668722315,27.784818154348027,2.209375,8.040624999999999,1.88125,LN,HP,LNP
3I6EY,mar,50,gamma,1.651223290564598,26.876623906631096,2.209375,8.040624999999999,1.88125,LN,HP,LNP
3I6EY,mar,51,gamma,2.7297247894417644,25.26685633109382,2.209375,8.040624999999999,1.88125,LN,HP,LNP
3I6EY,mar,52,gamma,4.2923614982733795,23.607747167690114,2.209375,8.040624999999999,1.88125,LN,HP,LNP
3I6EY,mar,53,gamma,5.917493277112975,22.632585557310243,2.209375,8.040624999999999,1.88125,LN,HP,LNP
3I6EY,mar,54,gamma,7.029616439356527,22.722506086633814,2.209375,8.040624999999999,1.88125,LN,HP,LNP
3I6EY,mar,55,gamma,7.141726004849826,23.82266987254033,2.209375,8.040624999999999,1.88125,LN,HP,LNP
3I6EY,mar,56,gamma,6.329074965016257,25.129534389499774,2.209375,8.040624999999999,1.88125,LN,HP,LNP
3I6EY,mar,57,gamma,5.428122811622639,25.933392732355934,2.209375,8.040624999999999,1.88125,LN,HP,LNP
3I6EY,mar,58,gamma,4.511069693676141,26.665478670579805,2.209375,8.040624999999999,1.88125,LN,HP,LNP
3I6EY,mar,59,gamma,1.0549481791379023,7.792831255879129,2.209375,8.040624999999999,1.88125,LN,HP,LNP
